timestamp,date,request_rate_per_sec,avg_latency_ms,p50_latency_ms,p95_latency_ms,p99_latency_ms,error_rate_per_sec,error_percentage,active_requests,total_requests,artist_service_requests,album_service_requests,recommendation_service_requests,api_gateway_requests
2025-12-04 06:54,2025-12-04,0,0,0,0,0,0,0,0,0,0,0,0,0
2025-12-04 06:55,2025-12-04,0,0,0,0,0,0,0,0,0,0,0,0,0
2025-12-04 06:56,2025-12-04,0,0,0,0,0,0,0,0,0,0,0,0,0
2025-12-04 06:57,2025-12-04,0,0,0,0,0,0,0,0,0,0,0,0,0
2025-12-04 06:58,2025-12-04,0,0,0,0,0,0,0,0,0,0,0,0,0
2025-12-04 06:59,2025-12-04,0,0,0,0,0,0,0,0,0,0,0,0,0
2025-12-04 07:00,2025-12-04,0,0,0,0,0,0,0,0,0,0,0,0,0
2025-12-04 07:01,2025-12-04,0,0,0,0,0,0,0,0,0,0,0,0,0
2025-12-04 07:02,2025-12-04,0,0,0,0,0,0,0,0,0,0,0,0,0
2025-12-04 07:03,2025-12-04,0,0,0,0,0,0,0,0,0,0,0,0,0
2025-12-04 07:04,2025-12-04,0,0,0,0,0,0,0,0,0,0,0,0,0
2025-12-04 07:05,2025-12-04,0,0,0,0,0,0,0,0,0,0,0,0,0
2025-12-04 07:06,2025-12-04,0,0,0,0,0,0,0,0,0,0,0,0,0
2025-12-04 07:07,2025-12-04,0,0,0,0,0,0,0,0,0,0,0,0,0
2025-12-04 07:08,2025-12-04,0,0,0,0,0,0,0,0,0,0,0,0,0
2025-12-04 07:09,2025-12-04,0,0,0,0,0,0,0,0,0,0,0,0,0
2025-12-04 07:10,2025-12-04,0,0,0,0,0,0,0,0,0,0,0,0,0
2025-12-04 07:11,2025-12-04,0,0,0,0,0,0,0,0,0,0,0,0,0
2025-12-04 07:12,2025-12-04,0,0,0,0,0,0,0,0,0,0,0,0,0
2025-12-04 07:13,2025-12-04,0,0,0,0,0,0,0,0,0,0,0,0,0
2025-12-04 07:14,2025-12-04,0,0,0,0,0,0,0,0,0,0,0,0,0
2025-12-04 07:15,2025-12-04,0,0,0,0,0,0,0,0,0,0,0,0,0
2025-12-04 07:16,2025-12-04,0,0,0,0,0,0,0,0,0,0,0,0,0
2025-12-04 07:17,2025-12-04,0,0,0,0,0,0,0,0,0,0,0,0,0
2025-12-04 07:18,2025-12-04,0,0,0,0,0,0,0,0,0,0,0,0,0
2025-12-04 07:19,2025-12-04,0,0,0,0,0,0,0,0,0,0,0,0,0
2025-12-04 07:20,2025-12-04,0,0,0,0,0,0,0,0,0,0,0,0,0
2025-12-04 07:21,2025-12-04,0,0,0,0,0,0,0,0,0,0,0,0,0
2025-12-04 07:22,2025-12-04,0,0,0,0,0,0,0,0,0,0,0,0,0
2025-12-04 07:23,2025-12-04,0,0,0,0,0,0,0,0,0,0,0,0,0
2025-12-04 07:24,2025-12-04,0,0,0,0,0,0,0,0,0,0,0,0,0
2025-12-04 07:25,2025-12-04,0,0,0,0,0,0,0,0,0,0,0,0,0
2025-12-04 07:26,2025-12-04,0,0,0,0,0,0,0,0,0,0,0,0,0
2025-12-04 07:27,2025-12-04,0,0,0,0,0,0,0,0,0,0,0,0,0
2025-12-04 07:28,2025-12-04,0,0,0,0,0,0,0,0,0,0,0,0,0
2025-12-04 07:29,2025-12-04,0,0,0,0,0,0,0,0,0,0,0,0,0
2025-12-04 07:30,2025-12-04,0,0,0,0,0,0,0,0,0,0,0,0,0
2025-12-04 07:31,2025-12-04,0,0,0,0,0,0,0,0,0,0,0,0,0
2025-12-04 07:32,2025-12-04,0,0,0,0,0,0,0,0,0,0,0,0,0
2025-12-04 07:33,2025-12-04,0,0,0,0,0,0,0,0,0,0,0,0,0
2025-12-04 07:34,2025-12-04,0,0,0,0,0,0,0,0,0,0,0,0,0
2025-12-04 07:35,2025-12-04,0,0,0,0,0,0,0,0,0,0,0,0,0
2025-12-04 07:36,2025-12-04,0,0,0,0,0,0,0,0,0,0,0,0,0
2025-12-04 07:37,2025-12-04,0,0,0,0,0,0,0,0,0,0,0,0,0
2025-12-04 07:38,2025-12-04,0,0,0,0,0,0,0,0,0,0,0,0,0
2025-12-04 07:39,2025-12-04,0,0,0,0,0,0,0,0,0,0,0,0,0
2025-12-04 07:40,2025-12-04,0,0,0,0,0,0,0,0,0,0,0,0,0
2025-12-04 07:41,2025-12-04,0,0,0,0,0,0,0,0,0,0,0,0,0
2025-12-04 07:42,2025-12-04,0,0,0,0,0,0,0,0,0,0,0,0,0
2025-12-04 07:43,2025-12-04,0,0,0,0,0,0,0,0,0,0,0,0,0
2025-12-04 07:44,2025-12-04,0,0,0,0,0,0,0,0,0,0,0,0,0
2025-12-04 07:45,2025-12-04,0,0,0,0,0,0,0,0,0,0,0,0,0
2025-12-04 07:46,2025-12-04,0,0,0,0,0,0,0,0,0,0,0,0,0
2025-12-04 07:47,2025-12-04,0,0,0,0,0,0,0,0,0,0,0,0,0
2025-12-04 07:48,2025-12-04,0,0,0,0,0,0,0,0,0,0,0,0,0
2025-12-04 07:49,2025-12-04,0,0,0,0,0,0,0,0,0,0,0,0,0
2025-12-04 07:50,2025-12-04,0,0,0,0,0,0,0,0,0,0,0,0,0
2025-12-04 07:51,2025-12-04,0,0,0,0,0,0,0,0,0,0,0,0,0
2025-12-04 07:52,2025-12-04,0,0,0,0,0,0,0,0,0,0,0,0,0
2025-12-04 07:53,2025-12-04,0,0,0,0,0,0,0,0,0,0,0,0,0
2025-12-04 07:54,2025-12-04,0,0,0,0,0,0,0,0,0,0,0,0,0
2025-12-04 07:55,2025-12-04,0,0,0,0,0,0,0,0,0,0,0,0,0
2025-12-04 07:56,2025-12-04,0,0,0,0,0,0,0,0,0,0,0,0,0
2025-12-04 07:57,2025-12-04,0,0,0,0,0,0,0,0,0,0,0,0,0
2025-12-04 07:58,2025-12-04,0,0,0,0,0,0,0,0,0,0,0,0,0
2025-12-04 07:59,2025-12-04,0,0,0,0,0,0,0,0,0,0,0,0,0
2025-12-04 08:00,2025-12-04,0,0,0,0,0,0,0,0,0,0,0,0,0
2025-12-04 08:01,2025-12-04,0,0,0,0,0,0,0,0,0,0,0,0,0
2025-12-04 08:02,2025-12-04,0,0,0,0,0,0,0,0,0,0,0,0,0
2025-12-04 08:03,2025-12-04,0,0,0,0,0,0,0,0,0,0,0,0,0
2025-12-04 08:04,2025-12-04,0,0,0,0,0,0,0,0,0,0,0,0,0
2025-12-04 08:05,2025-12-04,0,0,0,0,0,0,0,0,0,0,0,0,0
2025-12-04 08:06,2025-12-04,0,0,0,0,0,0,0,0,0,0,0,0,0
2025-12-04 08:07,2025-12-04,0,0,0,0,0,0,0,0,0,0,0,0,0
2025-12-04 08:08,2025-12-04,0,0,0,0,0,0,0,0,0,0,0,0,0
2025-12-04 08:09,2025-12-04,0,0,0,0,0,0,0,0,0,0,0,0,0
2025-12-04 08:10,2025-12-04,0,0,0,0,0,0,0,0,0,0,0,0,0
2025-12-04 08:11,2025-12-04,0,0,0,0,0,0,0,0,0,0,0,0,0
2025-12-04 08:12,2025-12-04,0,0,0,0,0,0,0,0,0,0,0,0,0
2025-12-04 08:13,2025-12-04,0,0,0,0,0,0,0,0,0,0,0,0,0
2025-12-04 08:14,2025-12-04,0,0,0,0,0,0,0,0,0,0,0,0,0
2025-12-04 08:15,2025-12-04,0,0,0,0,0,0,0,0,0,0,0,0,0
2025-12-04 08:16,2025-12-04,0,0,0,0,0,0,0,0,0,0,0,0,0
2025-12-04 08:17,2025-12-04,0,0,0,0,0,0,0,0,0,0,0,0,0
2025-12-04 08:18,2025-12-04,0,0,0,0,0,0,0,0,0,0,0,0,0
2025-12-04 08:19,2025-12-04,0,0,0,0,0,0,0,0,0,0,0,0,0
2025-12-04 08:20,2025-12-04,0,0,0,0,0,0,0,0,0,0,0,0,0
2025-12-04 08:21,2025-12-04,0,0,0,0,0,0,0,0,0,0,0,0,0
2025-12-04 08:22,2025-12-04,0,0,0,0,0,0,0,0,0,0,0,0,0
2025-12-04 08:23,2025-12-04,0,0,0,0,0,0,0,0,0,0,0,0,0
2025-12-04 08:24,2025-12-04,0,0,0,0,0,0,0,0,0,0,0,0,0
2025-12-04 08:25,2025-12-04,0,0,0,0,0,0,0,0,0,0,0,0,0
2025-12-04 08:26,2025-12-04,0,0,0,0,0,0,0,0,0,0,0,0,0
2025-12-04 08:27,2025-12-04,0,0,0,0,0,0,0,0,0,0,0,0,0
2025-12-04 08:28,2025-12-04,0,0,0,0,0,0,0,0,0,0,0,0,0
2025-12-04 08:29,2025-12-04,0,0,0,0,0,0,0,0,0,0,0,0,0
2025-12-04 08:30,2025-12-04,0,0,0,0,0,0,0,0,0,0,0,0,0
2025-12-04 08:31,2025-12-04,0,0,0,0,0,0,0,0,0,0,0,0,0
2025-12-04 08:32,2025-12-04,0,0,0,0,0,0,0,0,0,0,0,0,0
2025-12-04 08:33,2025-12-04,0,0,0,0,0,0,0,0,0,0,0,0,0
2025-12-04 08:34,2025-12-04,0,0,0,0,0,0,0,0,0,0,0,0,0
2025-12-04 08:35,2025-12-04,0,0,0,0,0,0,0,0,0,0,0,0,0
2025-12-04 08:36,2025-12-04,0,0,0,0,0,0,0,0,0,0,0,0,0
2025-12-04 08:37,2025-12-04,0,0,0,0,0,0,0,0,0,0,0,0,0
2025-12-04 08:38,2025-12-04,0,0,0,0,0,0,0,0,0,0,0,0,0
2025-12-04 08:39,2025-12-04,0,0,0,0,0,0,0,0,0,0,0,0,0
2025-12-04 08:40,2025-12-04,0,0,0,0,0,0,0,0,0,0,0,0,0
2025-12-04 08:41,2025-12-04,0,0,0,0,0,0,0,0,0,0,0,0,0
2025-12-04 08:42,2025-12-04,0,0,0,0,0,0,0,0,0,0,0,0,0
2025-12-04 08:43,2025-12-04,0,0,0,0,0,0,0,0,0,0,0,0,0
2025-12-04 08:44,2025-12-04,0,0,0,0,0,0,0,0,0,0,0,0,0
2025-12-04 08:45,2025-12-04,0,0,0,0,0,0,0,0,0,0,0,0,0
2025-12-04 08:46,2025-12-04,0,0,0,0,0,0,0,0,0,0,0,0,0
2025-12-04 08:47,2025-12-04,0,0,0,0,0,0,0,0,0,0,0,0,0
2025-12-04 08:48,2025-12-04,0,0,0,0,0,0,0,0,0,0,0,0,0
2025-12-04 08:49,2025-12-04,0,0,0,0,0,0,0,0,0,0,0,0,0
2025-12-04 08:50,2025-12-04,0,0,0,0,0,0,0,0,0,0,0,0,0
2025-12-04 08:51,2025-12-04,0,0,0,0,0,0,0,0,0,0,0,0,0
2025-12-04 08:52,2025-12-04,0,0,0,0,0,0,0,0,0,0,0,0,0
2025-12-04 08:53,2025-12-04,0,0,0,0,0,0,0,0,0,0,0,0,0
2025-12-04 08:54,2025-12-04,0,0,0,0,0,0,0,0,0,0,0,0,0
2025-12-04 08:55,2025-12-04,0,0,0,0,0,0,0,0,0,0,0,0,0
2025-12-04 08:56,2025-12-04,0,0,0,0,0,0,0,0,0,0,0,0,0
2025-12-04 08:57,2025-12-04,0,0,0,0,0,0,0,0,0,0,0,0,0
2025-12-04 08:58,2025-12-04,0,0,0,0,0,0,0,0,0,0,0,0,0
2025-12-04 08:59,2025-12-04,0,0,0,0,0,0,0,0,0,0,0,0,0
2025-12-04 09:00,2025-12-04,0,0,0,0,0,0,0,0,0,0,0,0,0
2025-12-04 09:01,2025-12-04,0,0,0,0,0,0,0,0,0,0,0,0,0
2025-12-04 09:02,2025-12-04,0,0,0,0,0,0,0,0,0,0,0,0,0
2025-12-04 09:03,2025-12-04,0,0,0,0,0,0,0,0,0,0,0,0,0
2025-12-04 09:04,2025-12-04,0,0,0,0,0,0,0,0,0,0,0,0,0
2025-12-04 09:05,2025-12-04,0,0,0,0,0,0,0,0,0,0,0,0,0
2025-12-04 09:06,2025-12-04,0,0,0,0,0,0,0,0,0,0,0,0,0
2025-12-04 09:07,2025-12-04,0,0,0,0,0,0,0,0,0,0,0,0,0
2025-12-04 09:08,2025-12-04,0,0,0,0,0,0,0,0,0,0,0,0,0
2025-12-04 09:09,2025-12-04,0,0,0,0,0,0,0,0,0,0,0,0,0
2025-12-04 09:10,2025-12-04,0,0,0,0,0,0,0,0,0,0,0,0,0
2025-12-04 09:11,2025-12-04,0,0,0,0,0,0,0,0,0,0,0,0,0
2025-12-04 09:12,2025-12-04,0,0,0,0,0,0,0,0,0,0,0,0,0
2025-12-04 09:13,2025-12-04,0,0,0,0,0,0,0,0,0,0,0,0,0
2025-12-04 09:14,2025-12-04,0,0,0,0,0,0,0,0,0,0,0,0,0
2025-12-04 09:15,2025-12-04,0,0,0,0,0,0,0,0,0,0,0,0,0
2025-12-04 09:16,2025-12-04,0,0,0,0,0,0,0,0,0,0,0,0,0
2025-12-04 09:17,2025-12-04,0,0,0,0,0,0,0,0,0,0,0,0,0
2025-12-04 09:18,2025-12-04,0,0,0,0,0,0,0,0,0,0,0,0,0
2025-12-04 09:19,2025-12-04,0,0,0,0,0,0,0,0,0,0,0,0,0
2025-12-04 09:20,2025-12-04,0,0,0,0,0,0,0,0,0,0,0,0,0
2025-12-04 09:21,2025-12-04,0,0,0,0,0,0,0,0,0,0,0,0,0
2025-12-04 09:22,2025-12-04,0,0,0,0,0,0,0,0,0,0,0,0,0
2025-12-04 09:23,2025-12-04,0,0,0,0,0,0,0,0,0,0,0,0,0
2025-12-04 09:24,2025-12-04,0,0,0,0,0,0,0,0,0,0,0,0,0
2025-12-04 09:25,2025-12-04,0,0,0,0,0,0,0,0,0,0,0,0,0
2025-12-04 09:26,2025-12-04,0,0,0,0,0,0,0,0,0,0,0,0,0
2025-12-04 09:27,2025-12-04,0,0,0,0,0,0,0,0,0,0,0,0,0
2025-12-04 09:28,2025-12-04,0,0,0,0,0,0,0,0,0,0,0,0,0
2025-12-04 09:29,2025-12-04,0,0,0,0,0,0,0,0,0,0,0,0,0
2025-12-04 09:30,2025-12-04,0,0,0,0,0,0,0,0,0,0,0,0,0
2025-12-04 09:31,2025-12-04,0,0,0,0,0,0,0,0,0,0,0,0,0
2025-12-04 09:32,2025-12-04,0,0,0,0,0,0,0,0,0,0,0,0,0
2025-12-04 09:33,2025-12-04,0,0,0,0,0,0,0,0,0,0,0,0,0
2025-12-04 09:34,2025-12-04,0,0,0,0,0,0,0,0,0,0,0,0,0
2025-12-04 09:35,2025-12-04,0,0,0,0,0,0,0,0,0,0,0,0,0
2025-12-04 09:36,2025-12-04,0,0,0,0,0,0,0,0,0,0,0,0,0
2025-12-04 09:37,2025-12-04,0,0,0,0,0,0,0,0,0,0,0,0,0
2025-12-04 09:38,2025-12-04,0,0,0,0,0,0,0,0,0,0,0,0,0
2025-12-04 09:39,2025-12-04,0,0,0,0,0,0,0,0,0,0,0,0,0
2025-12-04 09:40,2025-12-04,0,0,0,0,0,0,0,0,0,0,0,0,0
2025-12-04 09:41,2025-12-04,0,0,0,0,0,0,0,0,0,0,0,0,0
2025-12-04 09:42,2025-12-04,0,0,0,0,0,0,0,0,0,0,0,0,0
2025-12-04 09:43,2025-12-04,0,0,0,0,0,0,0,0,0,0,0,0,0
2025-12-04 09:44,2025-12-04,0,0,0,0,0,0,0,0,0,0,0,0,0
2025-12-04 09:45,2025-12-04,0,0,0,0,0,0,0,0,0,0,0,0,0
2025-12-04 09:46,2025-12-04,0,0,0,0,0,0,0,0,0,0,0,0,0
2025-12-04 09:47,2025-12-04,0,0,0,0,0,0,0,0,0,0,0,0,0
2025-12-04 09:48,2025-12-04,0,0,0,0,0,0,0,0,0,0,0,0,0
2025-12-04 09:49,2025-12-04,0,0,0,0,0,0,0,0,0,0,0,0,0
2025-12-04 09:50,2025-12-04,0,0,0,0,0,0,0,0,0,0,0,0,0
2025-12-04 09:51,2025-12-04,0,0,0,0,0,0,0,0,0,0,0,0,0
2025-12-04 09:52,2025-12-04,0,0,0,0,0,0,0,0,0,0,0,0,0
2025-12-04 09:53,2025-12-04,0,0,0,0,0,0,0,0,0,0,0,0,0
2025-12-04 09:54,2025-12-04,0,0,0,0,0,0,0,0,0,0,0,0,0
2025-12-04 09:55,2025-12-04,0,0,0,0,0,0,0,0,0,0,0,0,0
2025-12-04 09:56,2025-12-04,0,0,0,0,0,0,0,0,0,0,0,0,0
2025-12-04 09:57,2025-12-04,0,0,0,0,0,0,0,0,0,0,0,0,0
2025-12-04 09:58,2025-12-04,0,0,0,0,0,0,0,0,0,0,0,0,0
2025-12-04 09:59,2025-12-04,0,0,0,0,0,0,0,0,0,0,0,0,0
2025-12-04 10:00,2025-12-04,0,0,0,0,0,0,0,0,0,0,0,0,0
2025-12-04 10:01,2025-12-04,0,0,0,0,0,0,0,0,0,0,0,0,0
2025-12-04 10:02,2025-12-04,0,0,0,0,0,0,0,0,0,0,0,0,0
2025-12-04 10:03,2025-12-04,0,0,0,0,0,0,0,0,0,0,0,0,0
2025-12-04 10:04,2025-12-04,0,0,0,0,0,0,0,0,0,0,0,0,0
2025-12-04 10:05,2025-12-04,0,0,0,0,0,0,0,0,0,0,0,0,0
2025-12-04 10:06,2025-12-04,0,0,0,0,0,0,0,0,0,0,0,0,0
2025-12-04 10:07,2025-12-04,0,0,0,0,0,0,0,0,0,0,0,0,0
2025-12-04 10:08,2025-12-04,0,0,0,0,0,0,0,0,0,0,0,0,0
2025-12-04 10:09,2025-12-04,0,0,0,0,0,0,0,0,0,0,0,0,0
2025-12-04 10:10,2025-12-04,0,0,0,0,0,0,0,0,0,0,0,0,0
2025-12-04 10:11,2025-12-04,0,0,0,0,0,0,0,0,0,0,0,0,0
2025-12-04 10:12,2025-12-04,0,0,0,0,0,0,0,0,0,0,0,0,0
2025-12-04 10:13,2025-12-04,0,0,0,0,0,0,0,0,0,0,0,0,0
2025-12-04 10:14,2025-12-04,0,0,0,0,0,0,0,0,0,0,0,0,0
2025-12-04 10:15,2025-12-04,0,0,0,0,0,0,0,0,0,0,0,0,0
2025-12-04 10:16,2025-12-04,0,0,0,0,0,0,0,0,0,0,0,0,0
2025-12-04 10:17,2025-12-04,0,0,0,0,0,0,0,0,0,0,0,0,0
2025-12-04 10:18,2025-12-04,0,0,0,0,0,0,0,0,0,0,0,0,0
2025-12-04 10:19,2025-12-04,0,0,0,0,0,0,0,0,0,0,0,0,0
2025-12-04 10:20,2025-12-04,0,0,0,0,0,0,0,0,0,0,0,0,0
2025-12-04 10:21,2025-12-04,0,0,0,0,0,0,0,0,0,0,0,0,0
2025-12-04 10:22,2025-12-04,0,0,0,0,0,0,0,0,0,0,0,0,0
2025-12-04 10:23,2025-12-04,0,0,0,0,0,0,0,0,0,0,0,0,0
2025-12-04 10:24,2025-12-04,0,0,0,0,0,0,0,0,0,0,0,0,0
2025-12-04 10:25,2025-12-04,0,0,0,0,0,0,0,0,0,0,0,0,0
2025-12-04 10:26,2025-12-04,0,0,0,0,0,0,0,0,0,0,0,0,0
2025-12-04 10:27,2025-12-04,0,0,0,0,0,0,0,0,0,0,0,0,0
2025-12-04 10:28,2025-12-04,0,0,0,0,0,0,0,0,0,0,0,0,0
2025-12-04 10:29,2025-12-04,0,0,0,0,0,0,0,0,0,0,0,0,0
2025-12-04 10:30,2025-12-04,0,0,0,0,0,0,0,0,0,0,0,0,0
2025-12-04 10:31,2025-12-04,0,0,0,0,0,0,0,0,0,0,0,0,0
2025-12-04 10:32,2025-12-04,0,0,0,0,0,0,0,0,0,0,0,0,0
2025-12-04 10:33,2025-12-04,0,0,0,0,0,0,0,0,0,0,0,0,0
2025-12-04 10:34,2025-12-04,0,0,0,0,0,0,0,0,0,0,0,0,0
2025-12-04 10:35,2025-12-04,0,0,0,0,0,0,0,0,0,0,0,0,0
2025-12-04 10:36,2025-12-04,0,0,0,0,0,0,0,0,0,0,0,0,0
2025-12-04 10:37,2025-12-04,0,0,0,0,0,0,0,0,0,0,0,0,0
2025-12-04 10:38,2025-12-04,0,0,0,0,0,0,0,0,0,0,0,0,0
2025-12-04 10:39,2025-12-04,0,0,0,0,0,0,0,0,0,0,0,0,0
2025-12-04 10:40,2025-12-04,0,0,0,0,0,0,0,0,0,0,0,0,0
2025-12-04 10:41,2025-12-04,0,0,0,0,0,0,0,0,0,0,0,0,0
2025-12-04 10:42,2025-12-04,0,0,0,0,0,0,0,0,0,0,0,0,0
2025-12-04 10:43,2025-12-04,0,0,0,0,0,0,0,0,0,0,0,0,0
2025-12-04 10:44,2025-12-04,0,0,0,0,0,0,0,0,0,0,0,0,0
2025-12-04 10:45,2025-12-04,0,0,0,0,0,0,0,0,0,0,0,0,0
2025-12-04 10:46,2025-12-04,0,0,0,0,0,0,0,0,0,0,0,0,0
2025-12-04 10:47,2025-12-04,0,0,0,0,0,0,0,0,0,0,0,0,0
2025-12-04 10:48,2025-12-04,0,0,0,0,0,0,0,0,0,0,0,0,0
2025-12-04 10:49,2025-12-04,0,0,0,0,0,0,0,0,0,0,0,0,0
2025-12-04 10:50,2025-12-04,0,0,0,0,0,0,0,0,0,0,0,0,0
2025-12-04 10:51,2025-12-04,0,0,0,0,0,0,0,0,0,0,0,0,0
2025-12-04 10:52,2025-12-04,0,0,0,0,0,0,0,0,0,0,0,0,0
2025-12-04 10:53,2025-12-04,0,0,0,0,0,0,0,0,0,0,0,0,0
2025-12-04 10:54,2025-12-04,0,0,0,0,0,0,0,0,0,0,0,0,0
2025-12-04 10:55,2025-12-04,0,0,0,0,0,0,0,0,0,0,0,0,0
2025-12-04 10:56,2025-12-04,0,0,0,0,0,0,0,0,0,0,0,0,0
2025-12-04 10:57,2025-12-04,0,0,0,0,0,0,0,0,0,0,0,0,0
2025-12-04 10:58,2025-12-04,0,0,0,0,0,0,0,0,0,0,0,0,0
2025-12-04 10:59,2025-12-04,0,0,0,0,0,0,0,0,0,0,0,0,0
2025-12-04 11:00,2025-12-04,0,0,0,0,0,0,0,0,0,0,0,0,0
2025-12-04 11:01,2025-12-04,0,0,0,0,0,0,0,0,0,0,0,0,0
2025-12-04 11:02,2025-12-04,0,0,0,0,0,0,0,0,0,0,0,0,0
2025-12-04 11:03,2025-12-04,0,0,0,0,0,0,0,0,0,0,0,0,0
2025-12-04 11:04,2025-12-04,0,0,0,0,0,0,0,0,0,0,0,0,0
2025-12-04 11:05,2025-12-04,0,0,0,0,0,0,0,0,0,0,0,0,0
2025-12-04 11:06,2025-12-04,0,0,0,0,0,0,0,0,0,0,0,0,0
2025-12-04 11:07,2025-12-04,0,0,0,0,0,0,0,0,0,0,0,0,0
2025-12-04 11:08,2025-12-04,0,0,0,0,0,0,0,0,0,0,0,0,0
2025-12-04 11:09,2025-12-04,0,0,0,0,0,0,0,0,0,0,0,0,0
2025-12-04 11:10,2025-12-04,0,0,0,0,0,0,0,0,0,0,0,0,0
2025-12-04 11:11,2025-12-04,0,0,0,0,0,0,0,0,0,0,0,0,0
2025-12-04 11:12,2025-12-04,0,0,0,0,0,0,0,0,0,0,0,0,0
2025-12-04 11:13,2025-12-04,0,0,0,0,0,0,0,0,0,0,0,0,0
2025-12-04 11:14,2025-12-04,0,0,0,0,0,0,0,0,0,0,0,0,0
2025-12-04 11:15,2025-12-04,0,0,0,0,0,0,0,0,0,0,0,0,0
2025-12-04 11:16,2025-12-04,0,0,0,0,0,0,0,0,0,0,0,0,0
2025-12-04 11:17,2025-12-04,0,0,0,0,0,0,0,0,0,0,0,0,0
2025-12-04 11:18,2025-12-04,0,0,0,0,0,0,0,0,0,0,0,0,0
2025-12-04 11:19,2025-12-04,0,0,0,0,0,0,0,0,0,0,0,0,0
2025-12-04 11:20,2025-12-04,0,0,0,0,0,0,0,0,0,0,0,0,0
2025-12-04 11:21,2025-12-04,0,0,0,0,0,0,0,0,0,0,0,0,0
2025-12-04 11:22,2025-12-04,0,0,0,0,0,0,0,0,0,0,0,0,0
2025-12-04 11:23,2025-12-04,0,0,0,0,0,0,0,0,0,0,0,0,0
2025-12-04 11:24,2025-12-04,0,0,0,0,0,0,0,0,0,0,0,0,0
2025-12-04 11:25,2025-12-04,0,0,0,0,0,0,0,0,0,0,0,0,0
2025-12-04 11:26,2025-12-04,0,0,0,0,0,0,0,0,0,0,0,0,0
2025-12-04 11:27,2025-12-04,0,0,0,0,0,0,0,0,0,0,0,0,0
2025-12-04 11:28,2025-12-04,0,0,0,0,0,0,0,0,0,0,0,0,0
2025-12-04 11:29,2025-12-04,0,0,0,0,0,0,0,0,0,0,0,0,0
2025-12-04 11:30,2025-12-04,0,0,0,0,0,0,0,0,0,0,0,0,0
2025-12-04 11:31,2025-12-04,0,0,0,0,0,0,0,0,0,0,0,0,0
2025-12-04 11:32,2025-12-04,0,0,0,0,0,0,0,0,0,0,0,0,0
2025-12-04 11:33,2025-12-04,0,0,0,0,0,0,0,0,0,0,0,0,0
2025-12-04 11:34,2025-12-04,0,0,0,0,0,0,0,0,0,0,0,0,0
2025-12-04 11:35,2025-12-04,0,0,0,0,0,0,0,0,0,0,0,0,0
2025-12-04 11:36,2025-12-04,0,0,0,0,0,0,0,0,0,0,0,0,0
2025-12-04 11:37,2025-12-04,0,0,0,0,0,0,0,0,0,0,0,0,0
2025-12-04 11:38,2025-12-04,0,0,0,0,0,0,0,0,0,0,0,0,0
2025-12-04 11:39,2025-12-04,0,0,0,0,0,0,0,0,0,0,0,0,0
2025-12-04 11:40,2025-12-04,0,0,0,0,0,0,0,0,0,0,0,0,0
2025-12-04 11:41,2025-12-04,0,0,0,0,0,0,0,0,0,0,0,0,0
2025-12-04 11:42,2025-12-04,0,0,0,0,0,0,0,0,0,0,0,0,0
2025-12-04 11:43,2025-12-04,0,0,0,0,0,0,0,0,0,0,0,0,0
2025-12-04 11:44,2025-12-04,0,0,0,0,0,0,0,0,0,0,0,0,0
2025-12-04 11:45,2025-12-04,0,0,0,0,0,0,0,0,0,0,0,0,0
2025-12-04 11:46,2025-12-04,0,0,0,0,0,0,0,0,0,0,0,0,0
2025-12-04 11:47,2025-12-04,0,0,0,0,0,0,0,0,0,0,0,0,0
2025-12-04 11:48,2025-12-04,0,0,0,0,0,0,0,0,0,0,0,0,0
2025-12-04 11:49,2025-12-04,0,0,0,0,0,0,0,0,0,0,0,0,0
2025-12-04 11:50,2025-12-04,0,0,0,0,0,0,0,0,0,0,0,0,0
2025-12-04 11:51,2025-12-04,0,0,0,0,0,0,0,0,0,0,0,0,0
2025-12-04 11:52,2025-12-04,0,0,0,0,0,0,0,0,0,0,0,0,0
2025-12-04 11:53,2025-12-04,0,0,0,0,0,0,0,0,0,0,0,0,0
2025-12-04 11:54,2025-12-04,0,0,0,0,0,0,0,0,0,0,0,0,0
2025-12-04 11:55,2025-12-04,0,0,0,0,0,0,0,0,0,0,0,0,0
2025-12-04 11:56,2025-12-04,0,0,0,0,0,0,0,0,0,0,0,0,0
2025-12-04 11:57,2025-12-04,0,0,0,0,0,0,0,0,0,0,0,0,0
2025-12-04 11:58,2025-12-04,0,0,0,0,0,0,0,0,0,0,0,0,0
2025-12-04 11:59,2025-12-04,0,0,0,0,0,0,0,0,0,0,0,0,0
2025-12-04 12:00,2025-12-04,0,0,0,0,0,0,0,0,0,0,0,0,0
2025-12-04 12:01,2025-12-04,0,0,0,0,0,0,0,0,0,0,0,0,0
2025-12-04 12:02,2025-12-04,0,0,0,0,0,0,0,0,0,0,0,0,0
2025-12-04 12:03,2025-12-04,0,0,0,0,0,0,0,0,0,0,0,0,0
2025-12-04 12:04,2025-12-04,0,0,0,0,0,0,0,0,0,0,0,0,0
2025-12-04 12:05,2025-12-04,0,0,0,0,0,0,0,0,0,0,0,0,0
2025-12-04 12:06,2025-12-04,0,0,0,0,0,0,0,0,0,0,0,0,0
2025-12-04 12:07,2025-12-04,0,0,0,0,0,0,0,0,0,0,0,0,0
2025-12-04 12:08,2025-12-04,0,0,0,0,0,0,0,0,0,0,0,0,0
2025-12-04 12:09,2025-12-04,0,0,0,0,0,0,0,0,0,0,0,0,0
2025-12-04 12:10,2025-12-04,0,0,0,0,0,0,0,0,0,0,0,0,0
2025-12-04 12:11,2025-12-04,0,0,0,0,0,0,0,0,0,0,0,0,0
2025-12-04 12:12,2025-12-04,0,0,0,0,0,0,0,0,0,0,0,0,0
2025-12-04 12:13,2025-12-04,0,0,0,0,0,0,0,0,0,0,0,0,0
2025-12-04 12:14,2025-12-04,0,0,0,0,0,0,0,0,0,0,0,0,0
2025-12-04 12:15,2025-12-04,0,0,0,0,0,0,0,0,0,0,0,0,0
2025-12-04 12:16,2025-12-04,0,0,0,0,0,0,0,0,0,0,0,0,0
2025-12-04 12:17,2025-12-04,0,0,0,0,0,0,0,0,0,0,0,0,0
2025-12-04 12:18,2025-12-04,0,0,0,0,0,0,0,0,0,0,0,0,0
2025-12-04 12:19,2025-12-04,0,0,0,0,0,0,0,0,0,0,0,0,0
2025-12-04 12:20,2025-12-04,0,0,0,0,0,0,0,0,0,0,0,0,0
2025-12-04 12:21,2025-12-04,0,0,0,0,0,0,0,0,0,0,0,0,0
2025-12-04 12:22,2025-12-04,0,0,0,0,0,0,0,0,0,0,0,0,0
2025-12-04 12:23,2025-12-04,0,0,0,0,0,0,0,0,0,0,0,0,0
2025-12-04 12:24,2025-12-04,0,0,0,0,0,0,0,0,0,0,0,0,0
2025-12-04 12:25,2025-12-04,0,0,0,0,0,0,0,0,0,0,0,0,0
2025-12-04 12:26,2025-12-04,0,0,0,0,0,0,0,0,0,0,0,0,0
2025-12-04 12:27,2025-12-04,0,0,0,0,0,0,0,0,0,0,0,0,0
2025-12-04 12:28,2025-12-04,0,0,0,0,0,0,0,0,0,0,0,0,0
2025-12-04 12:29,2025-12-04,0,0,0,0,0,0,0,0,0,0,0,0,0
2025-12-04 12:30,2025-12-04,0,0,0,0,0,0,0,0,0,0,0,0,0
2025-12-04 12:31,2025-12-04,0,0,0,0,0,0,0,0,0,0,0,0,0
2025-12-04 12:32,2025-12-04,0,0,0,0,0,0,0,0,0,0,0,0,0
2025-12-04 12:33,2025-12-04,0,0,0,0,0,0,0,0,0,0,0,0,0
2025-12-04 12:34,2025-12-04,0,0,0,0,0,0,0,0,0,0,0,0,0
2025-12-04 12:35,2025-12-04,0,0,0,0,0,0,0,0,0,0,0,0,0
2025-12-04 12:36,2025-12-04,0,0,0,0,0,0,0,0,0,0,0,0,0
2025-12-04 12:37,2025-12-04,0,0,0,0,0,0,0,0,0,0,0,0,0
2025-12-04 12:38,2025-12-04,0,0,0,0,0,0,0,0,0,0,0,0,0
2025-12-04 12:39,2025-12-04,0,0,0,0,0,0,0,0,0,0,0,0,0
2025-12-04 12:40,2025-12-04,0,0,0,0,0,0,0,0,0,0,0,0,0
2025-12-04 12:41,2025-12-04,0,0,0,0,0,0,0,0,0,0,0,0,0
2025-12-04 12:42,2025-12-04,0,0,0,0,0,0,0,0,0,0,0,0,0
2025-12-04 12:43,2025-12-04,0,0,0,0,0,0,0,0,0,0,0,0,0
2025-12-04 12:44,2025-12-04,0,0,0,0,0,0,0,0,0,0,0,0,0
2025-12-04 12:45,2025-12-04,0,0,0,0,0,0,0,0,0,0,0,0,0
2025-12-04 12:46,2025-12-04,0,0,0,0,0,0,0,0,0,0,0,0,0
2025-12-04 12:47,2025-12-04,0,0,0,0,0,0,0,0,0,0,0,0,0
2025-12-04 12:48,2025-12-04,0,0,0,0,0,0,0,0,0,0,0,0,0
2025-12-04 12:49,2025-12-04,0,0,0,0,0,0,0,0,0,0,0,0,0
2025-12-04 12:50,2025-12-04,0,0,0,0,0,0,0,0,0,0,0,0,0
2025-12-04 12:51,2025-12-04,0,0,0,0,0,0,0,0,0,0,0,0,0
2025-12-04 12:52,2025-12-04,0,0,0,0,0,0,0,0,0,0,0,0,0
2025-12-04 12:53,2025-12-04,0,0,0,0,0,0,0,0,0,0,0,0,0
2025-12-04 12:54,2025-12-04,0,0,0,0,0,0,0,0,0,0,0,0,0
2025-12-04 12:55,2025-12-04,0,0,0,0,0,0,0,0,0,0,0,0,0
2025-12-04 12:56,2025-12-04,0,0,0,0,0,0,0,0,0,0,0,0,0
2025-12-04 12:57,2025-12-04,0,0,0,0,0,0,0,0,0,0,0,0,0
2025-12-04 12:58,2025-12-04,0,0,0,0,0,0,0,0,0,0,0,0,0
2025-12-04 12:59,2025-12-04,0,0,0,0,0,0,0,0,0,0,0,0,0
2025-12-04 13:00,2025-12-04,0,0,0,0,0,0,0,0,0,0,0,0,0
2025-12-04 13:01,2025-12-04,0,0,0,0,0,0,0,0,0,0,0,0,0
2025-12-04 13:02,2025-12-04,0,0,0,0,0,0,0,0,0,0,0,0,0
2025-12-04 13:03,2025-12-04,0,0,0,0,0,0,0,0,0,0,0,0,0
2025-12-04 13:04,2025-12-04,0,0,0,0,0,0,0,0,0,0,0,0,0
2025-12-04 13:05,2025-12-04,0,0,0,0,0,0,0,0,0,0,0,0,0
2025-12-04 13:06,2025-12-04,0,0,0,0,0,0,0,0,0,0,0,0,0
2025-12-04 13:07,2025-12-04,0,0,0,0,0,0,0,0,0,0,0,0,0
2025-12-04 13:08,2025-12-04,0,0,0,0,0,0,0,0,0,0,0,0,0
2025-12-04 13:09,2025-12-04,0,0,0,0,0,0,0,0,0,0,0,0,0
2025-12-04 13:10,2025-12-04,0,0,0,0,0,0,0,0,0,0,0,0,0
2025-12-04 13:11,2025-12-04,0,0,0,0,0,0,0,0,0,0,0,0,0
2025-12-04 13:12,2025-12-04,0,0,0,0,0,0,0,0,0,0,0,0,0
2025-12-04 13:13,2025-12-04,0,0,0,0,0,0,0,0,0,0,0,0,0
2025-12-04 13:14,2025-12-04,0,0,0,0,0,0,0,0,0,0,0,0,0
2025-12-04 13:15,2025-12-04,0,0,0,0,0,0,0,0,0,0,0,0,0
2025-12-04 13:16,2025-12-04,0,0,0,0,0,0,0,0,0,0,0,0,0
2025-12-04 13:17,2025-12-04,0,0,0,0,0,0,0,0,0,0,0,0,0
2025-12-04 13:18,2025-12-04,0,0,0,0,0,0,0,0,0,0,0,0,0
2025-12-04 13:19,2025-12-04,0,0,0,0,0,0,0,0,0,0,0,0,0
2025-12-04 13:20,2025-12-04,0,0,0,0,0,0,0,0,0,0,0,0,0
2025-12-04 13:21,2025-12-04,0,0,0,0,0,0,0,0,0,0,0,0,0
2025-12-04 13:22,2025-12-04,0,0,0,0,0,0,0,0,0,0,0,0,0
2025-12-04 13:23,2025-12-04,0,0,0,0,0,0,0,0,0,0,0,0,0
2025-12-04 13:24,2025-12-04,0,0,0,0,0,0,0,0,0,0,0,0,0
2025-12-04 13:25,2025-12-04,0,0,0,0,0,0,0,0,0,0,0,0,0
2025-12-04 13:26,2025-12-04,0,0,0,0,0,0,0,0,0,0,0,0,0
2025-12-04 13:27,2025-12-04,0,0,0,0,0,0,0,0,0,0,0,0,0
2025-12-04 13:28,2025-12-04,0,0,0,0,0,0,0,0,0,0,0,0,0
2025-12-04 13:29,2025-12-04,0,0,0,0,0,0,0,0,0,0,0,0,0
2025-12-04 13:30,2025-12-04,0,0,0,0,0,0,0,0,0,0,0,0,0
2025-12-04 13:31,2025-12-04,0,0,0,0,0,0,0,0,0,0,0,0,0
2025-12-04 13:32,2025-12-04,0,0,0,0,0,0,0,0,0,0,0,0,0
2025-12-04 13:33,2025-12-04,0,0,0,0,0,0,0,0,0,0,0,0,0
2025-12-04 13:34,2025-12-04,0,0,0,0,0,0,0,0,0,0,0,0,0
2025-12-04 13:35,2025-12-04,0,0,0,0,0,0,0,0,0,0,0,0,0
2025-12-04 13:36,2025-12-04,0,0,0,0,0,0,0,0,0,0,0,0,0
2025-12-04 13:37,2025-12-04,0,0,0,0,0,0,0,0,0,0,0,0,0
2025-12-04 13:38,2025-12-04,0,0,0,0,0,0,0,0,0,0,0,0,0
2025-12-04 13:39,2025-12-04,0,0,0,0,0,0,0,0,0,0,0,0,0
2025-12-04 13:40,2025-12-04,0,0,0,0,0,0,0,0,0,0,0,0,0
2025-12-04 13:41,2025-12-04,0,0,0,0,0,0,0,0,0,0,0,0,0
2025-12-04 13:42,2025-12-04,0,0,0,0,0,0,0,0,0,0,0,0,0
2025-12-04 13:43,2025-12-04,0,0,0,0,0,0,0,0,0,0,0,0,0
2025-12-04 13:44,2025-12-04,0,0,0,0,0,0,0,0,0,0,0,0,0
2025-12-04 13:45,2025-12-04,0,0,0,0,0,0,0,0,0,0,0,0,0
2025-12-04 13:46,2025-12-04,0,0,0,0,0,0,0,0,0,0,0,0,0
2025-12-04 13:47,2025-12-04,0,0,0,0,0,0,0,0,0,0,0,0,0
2025-12-04 13:48,2025-12-04,0,0,0,0,0,0,0,0,0,0,0,0,0
2025-12-04 13:49,2025-12-04,0,0,0,0,0,0,0,0,0,0,0,0,0
2025-12-04 13:50,2025-12-04,0,0,0,0,0,0,0,0,0,0,0,0,0
2025-12-04 13:51,2025-12-04,0,0,0,0,0,0,0,0,0,0,0,0,0
2025-12-04 13:52,2025-12-04,0,0,0,0,0,0,0,0,0,0,0,0,0
2025-12-04 13:53,2025-12-04,0,0,0,0,0,0,0,0,0,0,0,0,0
2025-12-04 13:54,2025-12-04,0,0,0,0,0,0,0,0,0,0,0,0,0
2025-12-04 13:55,2025-12-04,0,0,0,0,0,0,0,0,0,0,0,0,0
2025-12-04 13:56,2025-12-04,0,0,0,0,0,0,0,0,0,0,0,0,0
2025-12-04 13:57,2025-12-04,0,0,0,0,0,0,0,0,0,0,0,0,0
2025-12-04 13:58,2025-12-04,0,0,0,0,0,0,0,0,0,0,0,0,0
2025-12-04 13:59,2025-12-04,0,0,0,0,0,0,0,0,0,0,0,0,0
2025-12-04 14:00,2025-12-04,0,0,0,0,0,0,0,0,0,0,0,0,0
2025-12-04 14:01,2025-12-04,0,0,0,0,0,0,0,0,0,0,0,0,0
2025-12-04 14:02,2025-12-04,0,0,0,0,0,0,0,0,0,0,0,0,0
2025-12-04 14:03,2025-12-04,0,0,0,0,0,0,0,0,0,0,0,0,0
2025-12-04 14:04,2025-12-04,0,0,0,0,0,0,0,0,0,0,0,0,0
2025-12-04 14:05,2025-12-04,0,0,0,0,0,0,0,0,0,0,0,0,0
2025-12-04 14:06,2025-12-04,0,0,0,0,0,0,0,0,0,0,0,0,0
2025-12-04 14:07,2025-12-04,0,0,0,0,0,0,0,0,0,0,0,0,0
2025-12-04 14:08,2025-12-04,0,0,0,0,0,0,0,0,0,0,0,0,0
2025-12-04 14:09,2025-12-04,0,0,0,0,0,0,0,0,0,0,0,0,0
2025-12-04 14:10,2025-12-04,0,0,0,0,0,0,0,0,0,0,0,0,0
2025-12-04 14:11,2025-12-04,0,0,0,0,0,0,0,0,0,0,0,0,0
2025-12-04 14:12,2025-12-04,0,0,0,0,0,0,0,0,0,0,0,0,0
2025-12-04 14:13,2025-12-04,0,0,0,0,0,0,0,0,0,0,0,0,0
2025-12-04 14:14,2025-12-04,0,0,0,0,0,0,0,0,0,0,0,0,0
2025-12-04 14:15,2025-12-04,0,0,0,0,0,0,0,0,0,0,0,0,0
2025-12-04 14:16,2025-12-04,0,0,0,0,0,0,0,0,0,0,0,0,0
2025-12-04 14:17,2025-12-04,0,0,0,0,0,0,0,0,0,0,0,0,0
2025-12-04 14:18,2025-12-04,0,0,0,0,0,0,0,0,0,0,0,0,0
2025-12-04 14:19,2025-12-04,0,0,0,0,0,0,0,0,0,0,0,0,0
2025-12-04 14:20,2025-12-04,0,0,0,0,0,0,0,0,0,0,0,0,0
2025-12-04 14:21,2025-12-04,0,0,0,0,0,0,0,0,0,0,0,0,0
2025-12-04 14:22,2025-12-04,0,0,0,0,0,0,0,0,0,0,0,0,0
2025-12-04 14:23,2025-12-04,0,0,0,0,0,0,0,0,0,0,0,0,0
2025-12-04 14:24,2025-12-04,0,0,0,0,0,0,0,0,0,0,0,0,0
2025-12-04 14:25,2025-12-04,0,0,0,0,0,0,0,0,0,0,0,0,0
2025-12-04 14:26,2025-12-04,0,0,0,0,0,0,0,0,0,0,0,0,0
2025-12-04 14:27,2025-12-04,0,0,0,0,0,0,0,0,0,0,0,0,0
2025-12-04 14:28,2025-12-04,0,0,0,0,0,0,0,0,0,0,0,0,0
2025-12-04 14:29,2025-12-04,0,0,0,0,0,0,0,0,0,0,0,0,0
2025-12-04 14:30,2025-12-04,0,0,0,0,0,0,0,0,0,0,0,0,0
2025-12-04 14:31,2025-12-04,0,0,0,0,0,0,0,0,0,0,0,0,0
2025-12-04 14:32,2025-12-04,0,0,0,0,0,0,0,0,0,0,0,0,0
2025-12-04 14:33,2025-12-04,0,0,0,0,0,0,0,0,0,0,0,0,0
2025-12-04 14:34,2025-12-04,0,0,0,0,0,0,0,0,0,0,0,0,0
2025-12-04 14:35,2025-12-04,0,0,0,0,0,0,0,0,0,0,0,0,0
2025-12-04 14:36,2025-12-04,0,0,0,0,0,0,0,0,0,0,0,0,0
2025-12-04 14:37,2025-12-04,0,0,0,0,0,0,0,0,0,0,0,0,0
2025-12-04 14:38,2025-12-04,0,0,0,0,0,0,0,0,0,0,0,0,0
2025-12-04 14:39,2025-12-04,0,0,0,0,0,0,0,0,0,0,0,0,0
2025-12-04 14:40,2025-12-04,0,0,0,0,0,0,0,0,0,0,0,0,0
2025-12-04 14:41,2025-12-04,0,0,0,0,0,0,0,0,0,0,0,0,0
2025-12-04 14:42,2025-12-04,0,0,0,0,0,0,0,0,0,0,0,0,0
2025-12-04 14:43,2025-12-04,0,0,0,0,0,0,0,0,0,0,0,0,0
2025-12-04 14:44,2025-12-04,0,0,0,0,0,0,0,0,0,0,0,0,0
2025-12-04 14:45,2025-12-04,0,0,0,0,0,0,0,0,0,0,0,0,0
2025-12-04 14:46,2025-12-04,0,0,0,0,0,0,0,0,0,0,0,0,0
2025-12-04 14:47,2025-12-04,0,0,0,0,0,0,0,0,0,0,0,0,0
2025-12-04 14:48,2025-12-04,0,0,0,0,0,0,0,0,0,0,0,0,0
2025-12-04 14:49,2025-12-04,0,0,0,0,0,0,0,0,0,0,0,0,0
2025-12-04 14:50,2025-12-04,0,0,0,0,0,0,0,0,0,0,0,0,0
2025-12-04 14:51,2025-12-04,0,0,0,0,0,0,0,0,0,0,0,0,0
2025-12-04 14:52,2025-12-04,0,0,0,0,0,0,0,0,0,0,0,0,0
2025-12-04 14:53,2025-12-04,0,0,0,0,0,0,0,0,0,0,0,0,0
2025-12-04 14:54,2025-12-04,0,0,0,0,0,0,0,0,0,0,0,0,0
2025-12-04 14:55,2025-12-04,0,0,0,0,0,0,0,0,0,0,0,0,0
2025-12-04 14:56,2025-12-04,0,0,0,0,0,0,0,0,0,0,0,0,0
2025-12-04 14:57,2025-12-04,0,0,0,0,0,0,0,0,0,0,0,0,0
2025-12-04 14:58,2025-12-04,0,0,0,0,0,0,0,0,0,0,0,0,0
2025-12-04 14:59,2025-12-04,0,0,0,0,0,0,0,0,0,0,0,0,0
2025-12-04 15:00,2025-12-04,0,0,0,0,0,0,0,0,0,0,0,0,0
2025-12-04 15:01,2025-12-04,0,0,0,0,0,0,0,0,0,0,0,0,0
2025-12-04 15:02,2025-12-04,0,0,0,0,0,0,0,0,0,0,0,0,0
2025-12-04 15:03,2025-12-04,0,0,0,0,0,0,0,0,0,0,0,0,0
2025-12-04 15:04,2025-12-04,0,0,0,0,0,0,0,0,0,0,0,0,0
2025-12-04 15:05,2025-12-04,0,0,0,0,0,0,0,0,0,0,0,0,0
2025-12-04 15:06,2025-12-04,0,0,0,0,0,0,0,0,0,0,0,0,0
2025-12-04 15:07,2025-12-04,0,0,0,0,0,0,0,0,0,0,0,0,0
2025-12-04 15:08,2025-12-04,0,0,0,0,0,0,0,0,0,0,0,0,0
2025-12-04 15:09,2025-12-04,0,0,0,0,0,0,0,0,0,0,0,0,0
2025-12-04 15:10,2025-12-04,0,0,0,0,0,0,0,0,0,0,0,0,0
2025-12-04 15:11,2025-12-04,0,0,0,0,0,0,0,0,0,0,0,0,0
2025-12-04 15:12,2025-12-04,0,0,0,0,0,0,0,0,0,0,0,0,0
2025-12-04 15:13,2025-12-04,0,0,0,0,0,0,0,0,0,0,0,0,0
2025-12-04 15:14,2025-12-04,0,0,0,0,0,0,0,0,0,0,0,0,0
2025-12-04 15:15,2025-12-04,0,0,0,0,0,0,0,0,0,0,0,0,0
2025-12-04 15:16,2025-12-04,0,0,0,0,0,0,0,0,0,0,0,0,0
2025-12-04 15:17,2025-12-04,0,0,0,0,0,0,0,0,0,0,0,0,0
2025-12-04 15:18,2025-12-04,0,0,0,0,0,0,0,0,0,0,0,0,0
2025-12-04 15:19,2025-12-04,0,0,0,0,0,0,0,0,0,0,0,0,0
2025-12-04 15:20,2025-12-04,0,0,0,0,0,0,0,0,0,0,0,0,0
2025-12-04 15:21,2025-12-04,0,0,0,0,0,0,0,0,0,0,0,0,0
2025-12-04 15:22,2025-12-04,0,0,0,0,0,0,0,0,0,0,0,0,0
2025-12-04 15:23,2025-12-04,0,0,0,0,0,0,0,0,0,0,0,0,0
2025-12-04 15:24,2025-12-04,0,0,0,0,0,0,0,0,0,0,0,0,0
2025-12-04 15:25,2025-12-04,0,0,0,0,0,0,0,0,0,0,0,0,0
2025-12-04 15:26,2025-12-04,0,0,0,0,0,0,0,0,0,0,0,0,0
2025-12-04 15:27,2025-12-04,0,0,0,0,0,0,0,0,0,0,0,0,0
2025-12-04 15:28,2025-12-04,0,0,0,0,0,0,0,0,0,0,0,0,0
2025-12-04 15:29,2025-12-04,0,0,0,0,0,0,0,0,0,0,0,0,0
2025-12-04 15:30,2025-12-04,0,0,0,0,0,0,0,0,0,0,0,0,0
2025-12-04 15:31,2025-12-04,0,0,0,0,0,0,0,0,0,0,0,0,0
2025-12-04 15:32,2025-12-04,0,0,0,0,0,0,0,0,0,0,0,0,0
2025-12-04 15:33,2025-12-04,0,0,0,0,0,0,0,0,0,0,0,0,0
2025-12-04 15:34,2025-12-04,0,0,0,0,0,0,0,0,0,0,0,0,0
2025-12-04 15:35,2025-12-04,0,0,0,0,0,0,0,0,0,0,0,0,0
2025-12-04 15:36,2025-12-04,0,0,0,0,0,0,0,0,0,0,0,0,0
2025-12-04 15:37,2025-12-04,0,0,0,0,0,0,0,0,0,0,0,0,0
2025-12-04 15:38,2025-12-04,0,0,0,0,0,0,0,0,0,0,0,0,0
2025-12-04 15:39,2025-12-04,0,0,0,0,0,0,0,0,0,0,0,0,0
2025-12-04 15:40,2025-12-04,0,0,0,0,0,0,0,0,0,0,0,0,0
2025-12-04 15:41,2025-12-04,0,0,0,0,0,0,0,0,0,0,0,0,0
2025-12-04 15:42,2025-12-04,0,0,0,0,0,0,0,0,0,0,0,0,0
2025-12-04 15:43,2025-12-04,0,0,0,0,0,0,0,0,0,0,0,0,0
2025-12-04 15:44,2025-12-04,0,0,0,0,0,0,0,0,0,0,0,0,0
2025-12-04 15:45,2025-12-04,0,0,0,0,0,0,0,0,0,0,0,0,0
2025-12-04 15:46,2025-12-04,0,0,0,0,0,0,0,0,0,0,0,0,0
2025-12-04 15:47,2025-12-04,0,0,0,0,0,0,0,0,0,0,0,0,0
2025-12-04 15:48,2025-12-04,0,0,0,0,0,0,0,0,0,0,0,0,0
2025-12-04 15:49,2025-12-04,0,0,0,0,0,0,0,0,0,0,0,0,0
2025-12-04 15:50,2025-12-04,0,0,0,0,0,0,0,0,0,0,0,0,0
2025-12-04 15:51,2025-12-04,0,0,0,0,0,0,0,0,0,0,0,0,0
2025-12-04 15:52,2025-12-04,0,0,0,0,0,0,0,0,0,0,0,0,0
2025-12-04 15:53,2025-12-04,0,0,0,0,0,0,0,0,0,0,0,0,0
2025-12-04 15:54,2025-12-04,0,0,0,0,0,0,0,0,0,0,0,0,0
2025-12-04 15:55,2025-12-04,0,0,0,0,0,0,0,0,0,0,0,0,0
2025-12-04 15:56,2025-12-04,0,0,0,0,0,0,0,0,0,0,0,0,0
2025-12-04 15:57,2025-12-04,0,0,0,0,0,0,0,0,0,0,0,0,0
2025-12-04 15:58,2025-12-04,0,0,0,0,0,0,0,0,0,0,0,0,0
2025-12-04 15:59,2025-12-04,0,0,0,0,0,0,0,0,0,0,0,0,0
2025-12-04 16:00,2025-12-04,0,0,0,0,0,0,0,0,0,0,0,0,0
2025-12-04 16:01,2025-12-04,0,0,0,0,0,0,0,0,0,0,0,0,0
2025-12-04 16:02,2025-12-04,0,0,0,0,0,0,0,0,0,0,0,0,0
2025-12-04 16:03,2025-12-04,0,0,0,0,0,0,0,0,0,0,0,0,0
2025-12-04 16:04,2025-12-04,0,0,0,0,0,0,0,0,0,0,0,0,0
2025-12-04 16:05,2025-12-04,0,0,0,0,0,0,0,0,0,0,0,0,0
2025-12-04 16:06,2025-12-04,0,0,0,0,0,0,0,0,0,0,0,0,0
2025-12-04 16:07,2025-12-04,0,0,0,0,0,0,0,0,0,0,0,0,0
2025-12-04 16:08,2025-12-04,0,0,0,0,0,0,0,0,0,0,0,0,0
2025-12-04 16:09,2025-12-04,0,0,0,0,0,0,0,0,0,0,0,0,0
2025-12-04 16:10,2025-12-04,0,0,0,0,0,0,0,0,0,0,0,0,0
2025-12-04 16:11,2025-12-04,0,0,0,0,0,0,0,0,0,0,0,0,0
2025-12-04 16:12,2025-12-04,0,0,0,0,0,0,0,0,0,0,0,0,0
2025-12-04 16:13,2025-12-04,0,0,0,0,0,0,0,0,0,0,0,0,0
2025-12-04 16:14,2025-12-04,0,0,0,0,0,0,0,0,0,0,0,0,0
2025-12-04 16:15,2025-12-04,0,0,0,0,0,0,0,0,0,0,0,0,0
2025-12-04 16:16,2025-12-04,0,0,0,0,0,0,0,0,0,0,0,0,0
2025-12-04 16:17,2025-12-04,0,0,0,0,0,0,0,0,0,0,0,0,0
2025-12-04 16:18,2025-12-04,0,0,0,0,0,0,0,0,0,0,0,0,0
2025-12-04 16:19,2025-12-04,0,0,0,0,0,0,0,0,0,0,0,0,0
2025-12-04 16:20,2025-12-04,0,0,0,0,0,0,0,0,0,0,0,0,0
2025-12-04 16:21,2025-12-04,0,0,0,0,0,0,0,0,0,0,0,0,0
2025-12-04 16:22,2025-12-04,0,0,0,0,0,0,0,0,0,0,0,0,0
2025-12-04 16:23,2025-12-04,0,0,0,0,0,0,0,0,0,0,0,0,0
2025-12-04 16:24,2025-12-04,0,0,0,0,0,0,0,0,0,0,0,0,0
2025-12-04 16:25,2025-12-04,0,0,0,0,0,0,0,0,0,0,0,0,0
2025-12-04 16:26,2025-12-04,0,0,0,0,0,0,0,0,0,0,0,0,0
2025-12-04 16:27,2025-12-04,0,0,0,0,0,0,0,0,0,0,0,0,0
2025-12-04 16:28,2025-12-04,0,0,0,0,0,0,0,0,0,0,0,0,0
2025-12-04 16:29,2025-12-04,0,0,0,0,0,0,0,0,0,0,0,0,0
2025-12-04 16:30,2025-12-04,0,0,0,0,0,0,0,0,0,0,0,0,0
2025-12-04 16:31,2025-12-04,0,0,0,0,0,0,0,0,0,0,0,0,0
2025-12-04 16:32,2025-12-04,0,0,0,0,0,0,0,0,0,0,0,0,0
2025-12-04 16:33,2025-12-04,0,0,0,0,0,0,0,0,0,0,0,0,0
2025-12-04 16:34,2025-12-04,0,0,0,0,0,0,0,0,0,0,0,0,0
2025-12-04 16:35,2025-12-04,0,0,0,0,0,0,0,0,0,0,0,0,0
2025-12-04 16:36,2025-12-04,0,0,0,0,0,0,0,0,0,0,0,0,0
2025-12-04 16:37,2025-12-04,0,0,0,0,0,0,0,0,0,0,0,0,0
2025-12-04 16:38,2025-12-04,0,0,0,0,0,0,0,0,0,0,0,0,0
2025-12-04 16:39,2025-12-04,0,0,0,0,0,0,0,0,0,0,0,0,0
2025-12-04 16:40,2025-12-04,0,0,0,0,0,0,0,0,0,0,0,0,0
2025-12-04 16:41,2025-12-04,0,0,0,0,0,0,0,0,0,0,0,0,0
2025-12-04 16:42,2025-12-04,0,0,0,0,0,0,0,0,0,0,0,0,0
2025-12-04 16:43,2025-12-04,0,0,0,0,0,0,0,0,0,0,0,0,0
2025-12-04 16:44,2025-12-04,0,0,0,0,0,0,0,0,0,0,0,0,0
2025-12-04 16:45,2025-12-04,0,0,0,0,0,0,0,0,0,0,0,0,0
2025-12-04 16:46,2025-12-04,0,0,0,0,0,0,0,0,0,0,0,0,0
2025-12-04 16:47,2025-12-04,0,0,0,0,0,0,0,0,0,0,0,0,0
2025-12-04 16:48,2025-12-04,0,0,0,0,0,0,0,0,0,0,0,0,0
2025-12-04 16:49,2025-12-04,0,0,0,0,0,0,0,0,0,0,0,0,0
2025-12-04 16:50,2025-12-04,0,0,0,0,0,0,0,0,0,0,0,0,0
2025-12-04 16:51,2025-12-04,0,0,0,0,0,0,0,0,0,0,0,0,0
2025-12-04 16:52,2025-12-04,0,0,0,0,0,0,0,0,0,0,0,0,0
2025-12-04 16:53,2025-12-04,0,0,0,0,0,0,0,0,0,0,0,0,0
2025-12-04 16:54,2025-12-04,0,0,0,0,0,0,0,0,0,0,0,0,0
2025-12-04 16:55,2025-12-04,0,0,0,0,0,0,0,0,0,0,0,0,0
2025-12-04 16:56,2025-12-04,0,0,0,0,0,0,0,0,0,0,0,0,0
2025-12-04 16:57,2025-12-04,0,0,0,0,0,0,0,0,0,0,0,0,0
2025-12-04 16:58,2025-12-04,0,0,0,0,0,0,0,0,0,0,0,0,0
2025-12-04 16:59,2025-12-04,0,0,0,0,0,0,0,0,0,0,0,0,0
2025-12-04 17:00,2025-12-04,0,0,0,0,0,0,0,0,0,0,0,0,0
2025-12-04 17:01,2025-12-04,0,0,0,0,0,0,0,0,0,0,0,0,0
2025-12-04 17:02,2025-12-04,0,0,0,0,0,0,0,0,0,0,0,0,0
2025-12-04 17:03,2025-12-04,0,0,0,0,0,0,0,0,0,0,0,0,0
2025-12-04 17:04,2025-12-04,0,0,0,0,0,0,0,0,0,0,0,0,0
2025-12-04 17:05,2025-12-04,0,0,0,0,0,0,0,0,0,0,0,0,0
2025-12-04 17:06,2025-12-04,0,0,0,0,0,0,0,0,0,0,0,0,0
2025-12-04 17:07,2025-12-04,0,0,0,0,0,0,0,0,0,0,0,0,0
2025-12-04 17:08,2025-12-04,0,0,0,0,0,0,0,0,0,0,0,0,0
2025-12-04 17:09,2025-12-04,0,0,0,0,0,0,0,0,0,0,0,0,0
2025-12-04 17:10,2025-12-04,0,0,0,0,0,0,0,0,0,0,0,0,0
2025-12-04 17:11,2025-12-04,0,0,0,0,0,0,0,0,0,0,0,0,0
2025-12-04 17:12,2025-12-04,0,0,0,0,0,0,0,0,0,0,0,0,0
2025-12-04 17:13,2025-12-04,0,0,0,0,0,0,0,0,0,0,0,0,0
2025-12-04 17:14,2025-12-04,0,0,0,0,0,0,0,0,0,0,0,0,0
2025-12-04 17:15,2025-12-04,0,0,0,0,0,0,0,0,0,0,0,0,0
2025-12-04 17:16,2025-12-04,0,0,0,0,0,0,0,0,0,0,0,0,0
2025-12-04 17:17,2025-12-04,0,0,0,0,0,0,0,0,0,0,0,0,0
2025-12-04 17:18,2025-12-04,0,0,0,0,0,0,0,0,0,0,0,0,0
2025-12-04 17:19,2025-12-04,0,0,0,0,0,0,0,0,0,0,0,0,0
2025-12-04 17:20,2025-12-04,0,0,0,0,0,0,0,0,0,0,0,0,0
2025-12-04 17:21,2025-12-04,0,0,0,0,0,0,0,0,0,0,0,0,0
2025-12-04 17:22,2025-12-04,0,0,0,0,0,0,0,0,0,0,0,0,0
2025-12-04 17:23,2025-12-04,0,0,0,0,0,0,0,0,0,0,0,0,0
2025-12-04 17:24,2025-12-04,0,0,0,0,0,0,0,0,0,0,0,0,0
2025-12-04 17:25,2025-12-04,0,0,0,0,0,0,0,0,0,0,0,0,0
2025-12-04 17:26,2025-12-04,0,0,0,0,0,0,0,0,0,0,0,0,0
2025-12-04 17:27,2025-12-04,0,0,0,0,0,0,0,0,0,0,0,0,0
2025-12-04 17:28,2025-12-04,0,0,0,0,0,0,0,0,0,0,0,0,0
2025-12-04 17:29,2025-12-04,0,0,0,0,0,0,0,0,0,0,0,0,0
2025-12-04 17:30,2025-12-04,0,0,0,0,0,0,0,0,0,0,0,0,0
2025-12-04 17:31,2025-12-04,0,0,0,0,0,0,0,0,0,0,0,0,0
2025-12-04 17:32,2025-12-04,0,0,0,0,0,0,0,0,0,0,0,0,0
2025-12-04 17:33,2025-12-04,0,0,0,0,0,0,0,0,0,0,0,0,0
2025-12-04 17:34,2025-12-04,0,0,0,0,0,0,0,0,0,0,0,0,0
2025-12-04 17:35,2025-12-04,0,0,0,0,0,0,0,0,0,0,0,0,0
2025-12-04 17:36,2025-12-04,0,0,0,0,0,0,0,0,0,0,0,0,0
2025-12-04 17:37,2025-12-04,0,0,0,0,0,0,0,0,0,0,0,0,0
2025-12-04 17:38,2025-12-04,0,0,0,0,0,0,0,0,0,0,0,0,0
2025-12-04 17:39,2025-12-04,0,0,0,0,0,0,0,0,0,0,0,0,0
2025-12-04 17:40,2025-12-04,0,0,0,0,0,0,0,0,0,0,0,0,0
2025-12-04 17:41,2025-12-04,0,0,0,0,0,0,0,0,0,0,0,0,0
2025-12-04 17:42,2025-12-04,0,0,0,0,0,0,0,0,0,0,0,0,0
2025-12-04 17:43,2025-12-04,0,0,0,0,0,0,0,0,0,0,0,0,0
2025-12-04 17:44,2025-12-04,0,0,0,0,0,0,0,0,0,0,0,0,0
2025-12-04 17:45,2025-12-04,0,0,0,0,0,0,0,0,0,0,0,0,0
2025-12-04 17:46,2025-12-04,0,0,0,0,0,0,0,0,0,0,0,0,0
2025-12-04 17:47,2025-12-04,0,0,0,0,0,0,0,0,0,0,0,0,0
2025-12-04 17:48,2025-12-04,0,0,0,0,0,0,0,0,0,0,0,0,0
2025-12-04 17:49,2025-12-04,0,0,0,0,0,0,0,0,0,0,0,0,0
2025-12-04 17:50,2025-12-04,0,0,0,0,0,0,0,0,0,0,0,0,0
2025-12-04 17:51,2025-12-04,0,0,0,0,0,0,0,0,0,0,0,0,0
2025-12-04 17:52,2025-12-04,0,0,0,0,0,0,0,0,0,0,0,0,0
2025-12-04 17:53,2025-12-04,0,0,0,0,0,0,0,0,0,0,0,0,0
2025-12-04 17:54,2025-12-04,0,0,0,0,0,0,0,0,0,0,0,0,0
2025-12-04 17:55,2025-12-04,0,0,0,0,0,0,0,0,0,0,0,0,0
2025-12-04 17:56,2025-12-04,0,0,0,0,0,0,0,0,0,0,0,0,0
2025-12-04 17:57,2025-12-04,0,0,0,0,0,0,0,0,0,0,0,0,0
2025-12-04 17:58,2025-12-04,0,0,0,0,0,0,0,0,0,0,0,0,0
2025-12-04 17:59,2025-12-04,0,0,0,0,0,0,0,0,0,0,0,0,0
2025-12-04 18:00,2025-12-04,0,0,0,0,0,0,0,0,0,0,0,0,0
2025-12-04 18:01,2025-12-04,0,0,0,0,0,0,0,0,0,0,0,0,0
2025-12-04 18:02,2025-12-04,0,0,0,0,0,0,0,0,0,0,0,0,0
2025-12-04 18:03,2025-12-04,0,0,0,0,0,0,0,0,0,0,0,0,0
2025-12-04 18:04,2025-12-04,0,0,0,0,0,0,0,0,0,0,0,0,0
2025-12-04 18:05,2025-12-04,0,0,0,0,0,0,0,0,0,0,0,0,0
2025-12-04 18:06,2025-12-04,0,0,0,0,0,0,0,0,0,0,0,0,0
2025-12-04 18:07,2025-12-04,0,0,0,0,0,0,0,0,0,0,0,0,0
2025-12-04 18:08,2025-12-04,0,0,0,0,0,0,0,0,0,0,0,0,0
2025-12-04 18:09,2025-12-04,0,0,0,0,0,0,0,0,0,0,0,0,0
2025-12-04 18:10,2025-12-04,0,0,0,0,0,0,0,0,0,0,0,0,0
2025-12-04 18:11,2025-12-04,0,0,0,0,0,0,0,0,0,0,0,0,0
2025-12-04 18:12,2025-12-04,0,0,0,0,0,0,0,0,0,0,0,0,0
2025-12-04 18:13,2025-12-04,0,0,0,0,0,0,0,0,0,0,0,0,0
2025-12-04 18:14,2025-12-04,0,0,0,0,0,0,0,0,0,0,0,0,0
2025-12-04 18:15,2025-12-04,0,0,0,0,0,0,0,0,0,0,0,0,0
2025-12-04 18:16,2025-12-04,0,0,0,0,0,0,0,0,0,0,0,0,0
2025-12-04 18:17,2025-12-04,0,0,0,0,0,0,0,0,0,0,0,0,0
2025-12-04 18:18,2025-12-04,0,0,0,0,0,0,0,0,0,0,0,0,0
2025-12-04 18:19,2025-12-04,0,0,0,0,0,0,0,0,0,0,0,0,0
2025-12-04 18:20,2025-12-04,0,0,0,0,0,0,0,0,0,0,0,0,0
2025-12-04 18:21,2025-12-04,0,0,0,0,0,0,0,0,0,0,0,0,0
2025-12-04 18:22,2025-12-04,0,0,0,0,0,0,0,0,0,0,0,0,0
2025-12-04 18:23,2025-12-04,0,0,0,0,0,0,0,0,0,0,0,0,0
2025-12-04 18:24,2025-12-04,0,0,0,0,0,0,0,0,0,0,0,0,0
2025-12-04 18:25,2025-12-04,0,0,0,0,0,0,0,0,0,0,0,0,0
2025-12-04 18:26,2025-12-04,0,0,0,0,0,0,0,0,0,0,0,0,0
2025-12-04 18:27,2025-12-04,0,0,0,0,0,0,0,0,0,0,0,0,0
2025-12-04 18:28,2025-12-04,0,0,0,0,0,0,0,0,0,0,0,0,0
2025-12-04 18:29,2025-12-04,0,0,0,0,0,0,0,0,0,0,0,0,0
2025-12-04 18:30,2025-12-04,0,0,0,0,0,0,0,0,0,0,0,0,0
2025-12-04 18:31,2025-12-04,0,0,0,0,0,0,0,0,0,0,0,0,0
2025-12-04 18:32,2025-12-04,0,0,0,0,0,0,0,0,0,0,0,0,0
2025-12-04 18:33,2025-12-04,0,0,0,0,0,0,0,0,0,0,0,0,0
2025-12-04 18:34,2025-12-04,0,0,0,0,0,0,0,0,0,0,0,0,0
2025-12-04 18:35,2025-12-04,0,0,0,0,0,0,0,0,0,0,0,0,0
2025-12-04 18:36,2025-12-04,0,0,0,0,0,0,0,0,0,0,0,0,0
2025-12-04 18:37,2025-12-04,0,0,0,0,0,0,0,0,0,0,0,0,0
2025-12-04 18:38,2025-12-04,0,0,0,0,0,0,0,0,0,0,0,0,0
2025-12-04 18:39,2025-12-04,0,0,0,0,0,0,0,0,0,0,0,0,0
2025-12-04 18:40,2025-12-04,0,0,0,0,0,0,0,0,0,0,0,0,0
2025-12-04 18:41,2025-12-04,0,0,0,0,0,0,0,0,0,0,0,0,0
2025-12-04 18:42,2025-12-04,0,0,0,0,0,0,0,0,0,0,0,0,0
2025-12-04 18:43,2025-12-04,0,0,0,0,0,0,0,0,0,0,0,0,0
2025-12-04 18:44,2025-12-04,0,0,0,0,0,0,0,0,0,0,0,0,0
2025-12-04 18:45,2025-12-04,0,0,0,0,0,0,0,0,0,0,0,0,0
2025-12-04 18:46,2025-12-04,0,0,0,0,0,0,0,0,0,0,0,0,0
2025-12-04 18:47,2025-12-04,0,0,0,0,0,0,0,0,0,0,0,0,0
2025-12-04 18:48,2025-12-04,0,0,0,0,0,0,0,0,0,0,0,0,0
2025-12-04 18:49,2025-12-04,0,0,0,0,0,0,0,0,0,0,0,0,0
2025-12-04 18:50,2025-12-04,0,0,0,0,0,0,0,0,0,0,0,0,0
2025-12-04 18:51,2025-12-04,0,0,0,0,0,0,0,0,0,0,0,0,0
2025-12-04 18:52,2025-12-04,0,0,0,0,0,0,0,0,0,0,0,0,0
2025-12-04 18:53,2025-12-04,0,0,0,0,0,0,0,0,0,0,0,0,0
2025-12-04 18:54,2025-12-04,0,0,0,0,0,0,0,0,0,0,0,0,0
2025-12-04 18:55,2025-12-04,0,0,0,0,0,0,0,0,0,0,0,0,0
2025-12-04 18:56,2025-12-04,0,0,0,0,0,0,0,0,0,0,0,0,0
2025-12-04 18:57,2025-12-04,0,0,0,0,0,0,0,0,0,0,0,0,0
2025-12-04 18:58,2025-12-04,0,0,0,0,0,0,0,0,0,0,0,0,0
2025-12-04 18:59,2025-12-04,0,0,0,0,0,0,0,0,0,0,0,0,0
2025-12-04 19:00,2025-12-04,0,0,0,0,0,0,0,0,0,0,0,0,0
2025-12-04 19:01,2025-12-04,0,0,0,0,0,0,0,0,0,0,0,0,0
2025-12-04 19:02,2025-12-04,0,0,0,0,0,0,0,0,0,0,0,0,0
2025-12-04 19:03,2025-12-04,0,0,0,0,0,0,0,0,0,0,0,0,0
2025-12-04 19:04,2025-12-04,0,0,0,0,0,0,0,0,0,0,0,0,0
2025-12-04 19:05,2025-12-04,0,0,0,0,0,0,0,0,0,0,0,0,0
2025-12-04 19:06,2025-12-04,0,0,0,0,0,0,0,0,0,0,0,0,0
2025-12-04 19:07,2025-12-04,0,0,0,0,0,0,0,0,0,0,0,0,0
2025-12-04 19:08,2025-12-04,0,0,0,0,0,0,0,0,0,0,0,0,0
2025-12-04 19:09,2025-12-04,0,0,0,0,0,0,0,0,0,0,0,0,0
2025-12-04 19:10,2025-12-04,0,0,0,0,0,0,0,0,0,0,0,0,0
2025-12-04 19:11,2025-12-04,0,0,0,0,0,0,0,0,0,0,0,0,0
2025-12-04 19:12,2025-12-04,0,0,0,0,0,0,0,0,0,0,0,0,0
2025-12-04 19:13,2025-12-04,0,0,0,0,0,0,0,0,0,0,0,0,0
2025-12-04 19:14,2025-12-04,0,0,0,0,0,0,0,0,0,0,0,0,0
2025-12-04 19:15,2025-12-04,0,0,0,0,0,0,0,0,0,0,0,0,0
2025-12-04 19:16,2025-12-04,0,0,0,0,0,0,0,0,0,0,0,0,0
2025-12-04 19:17,2025-12-04,0,0,0,0,0,0,0,0,0,0,0,0,0
2025-12-04 19:18,2025-12-04,0,0,0,0,0,0,0,0,0,0,0,0,0
2025-12-04 19:19,2025-12-04,0,0,0,0,0,0,0,0,0,0,0,0,0
2025-12-04 19:20,2025-12-04,0,0,0,0,0,0,0,0,0,0,0,0,0
2025-12-04 19:21,2025-12-04,0,0,0,0,0,0,0,0,0,0,0,0,0
2025-12-04 19:22,2025-12-04,0,0,0,0,0,0,0,0,0,0,0,0,0
2025-12-04 19:23,2025-12-04,0,0,0,0,0,0,0,0,0,0,0,0,0
2025-12-04 19:24,2025-12-04,0,0,0,0,0,0,0,0,0,0,0,0,0
2025-12-04 19:25,2025-12-04,0,0,0,0,0,0,0,0,0,0,0,0,0
2025-12-04 19:26,2025-12-04,0,0,0,0,0,0,0,0,0,0,0,0,0
2025-12-04 19:27,2025-12-04,0,0,0,0,0,0,0,0,0,0,0,0,0
2025-12-04 19:28,2025-12-04,0,0,0,0,0,0,0,0,0,0,0,0,0
2025-12-04 19:29,2025-12-04,0,0,0,0,0,0,0,0,0,0,0,0,0
2025-12-04 19:30,2025-12-04,0,0,0,0,0,0,0,0,0,0,0,0,0
2025-12-04 19:31,2025-12-04,0,0,0,0,0,0,0,0,0,0,0,0,0
2025-12-04 19:32,2025-12-04,0,0,0,0,0,0,0,0,0,0,0,0,0
2025-12-04 19:33,2025-12-04,0,0,0,0,0,0,0,0,0,0,0,0,0
2025-12-04 19:34,2025-12-04,0,0,0,0,0,0,0,0,0,0,0,0,0
2025-12-04 19:35,2025-12-04,0,0,0,0,0,0,0,0,0,0,0,0,0
2025-12-04 19:36,2025-12-04,0,0,0,0,0,0,0,0,0,0,0,0,0
2025-12-04 19:37,2025-12-04,0,0,0,0,0,0,0,0,0,0,0,0,0
2025-12-04 19:38,2025-12-04,0,0,0,0,0,0,0,0,0,0,0,0,0
2025-12-04 19:39,2025-12-04,0,0,0,0,0,0,0,0,0,0,0,0,0
2025-12-04 19:40,2025-12-04,0,0,0,0,0,0,0,0,0,0,0,0,0
2025-12-04 19:41,2025-12-04,0,0,0,0,0,0,0,0,0,0,0,0,0
2025-12-04 19:42,2025-12-04,0,0,0,0,0,0,0,0,0,0,0,0,0
2025-12-04 19:43,2025-12-04,0,0,0,0,0,0,0,0,0,0,0,0,0
2025-12-04 19:44,2025-12-04,0,0,0,0,0,0,0,0,0,0,0,0,0
2025-12-04 19:45,2025-12-04,0,0,0,0,0,0,0,0,0,0,0,0,0
2025-12-04 19:46,2025-12-04,0,0,0,0,0,0,0,0,0,0,0,0,0
2025-12-04 19:47,2025-12-04,0,0,0,0,0,0,0,0,0,0,0,0,0
2025-12-04 19:48,2025-12-04,0,0,0,0,0,0,0,0,0,0,0,0,0
2025-12-04 19:49,2025-12-04,0,0,0,0,0,0,0,0,0,0,0,0,0
2025-12-04 19:50,2025-12-04,0,0,0,0,0,0,0,0,0,0,0,0,0
2025-12-04 19:51,2025-12-04,0,0,0,0,0,0,0,0,0,0,0,0,0
2025-12-04 19:52,2025-12-04,0,0,0,0,0,0,0,0,0,0,0,0,0
2025-12-04 19:53,2025-12-04,0,0,0,0,0,0,0,0,0,0,0,0,0
2025-12-04 19:54,2025-12-04,0,0,0,0,0,0,0,0,0,0,0,0,0
2025-12-04 19:55,2025-12-04,0,0,0,0,0,0,0,0,0,0,0,0,0
2025-12-04 19:56,2025-12-04,0,0,0,0,0,0,0,0,0,0,0,0,0
2025-12-04 19:57,2025-12-04,0,0,0,0,0,0,0,0,0,0,0,0,0
2025-12-04 19:58,2025-12-04,0,0,0,0,0,0,0,0,0,0,0,0,0
2025-12-04 19:59,2025-12-04,0,0,0,0,0,0,0,0,0,0,0,0,0
2025-12-04 20:00,2025-12-04,0,0,0,0,0,0,0,0,0,0,0,0,0
2025-12-04 20:01,2025-12-04,0,0,0,0,0,0,0,0,0,0,0,0,0
2025-12-04 20:02,2025-12-04,0,0,0,0,0,0,0,0,0,0,0,0,0
2025-12-04 20:03,2025-12-04,0,0,0,0,0,0,0,0,0,0,0,0,0
2025-12-04 20:04,2025-12-04,0,0,0,0,0,0,0,0,0,0,0,0,0
2025-12-04 20:05,2025-12-04,0,0,0,0,0,0,0,0,0,0,0,0,0
2025-12-04 20:06,2025-12-04,0,0,0,0,0,0,0,0,0,0,0,0,0
2025-12-04 20:07,2025-12-04,0,0,0,0,0,0,0,0,0,0,0,0,0
2025-12-04 20:08,2025-12-04,0,0,0,0,0,0,0,0,0,0,0,0,0
2025-12-04 20:09,2025-12-04,0,0,0,0,0,0,0,0,0,0,0,0,0
2025-12-04 20:10,2025-12-04,0,0,0,0,0,0,0,0,0,0,0,0,0
2025-12-04 20:11,2025-12-04,0,0,0,0,0,0,0,0,0,0,0,0,0
2025-12-04 20:12,2025-12-04,0,0,0,0,0,0,0,0,0,0,0,0,0
2025-12-04 20:13,2025-12-04,0,0,0,0,0,0,0,0,0,0,0,0,0
2025-12-04 20:14,2025-12-04,0,0,0,0,0,0,0,0,0,0,0,0,0
2025-12-04 20:15,2025-12-04,0,0,0,0,0,0,0,0,0,0,0,0,0
2025-12-04 20:16,2025-12-04,0,0,0,0,0,0,0,0,0,0,0,0,0
2025-12-04 20:17,2025-12-04,0,0,0,0,0,0,0,0,0,0,0,0,0
2025-12-04 20:18,2025-12-04,0,0,0,0,0,0,0,0,0,0,0,0,0
2025-12-04 20:19,2025-12-04,0,0,0,0,0,0,0,0,0,0,0,0,0
2025-12-04 20:20,2025-12-04,0,0,0,0,0,0,0,0,0,0,0,0,0
2025-12-04 20:21,2025-12-04,0,0,0,0,0,0,0,0,0,0,0,0,0
2025-12-04 20:22,2025-12-04,0,0,0,0,0,0,0,0,0,0,0,0,0
2025-12-04 20:23,2025-12-04,0,0,0,0,0,0,0,0,0,0,0,0,0
2025-12-04 20:24,2025-12-04,0,0,0,0,0,0,0,0,0,0,0,0,0
2025-12-04 20:25,2025-12-04,0,0,0,0,0,0,0,0,0,0,0,0,0
2025-12-04 20:26,2025-12-04,0,0,0,0,0,0,0,0,0,0,0,0,0
2025-12-04 20:27,2025-12-04,0,0,0,0,0,0,0,0,0,0,0,0,0
2025-12-04 20:28,2025-12-04,0,0,0,0,0,0,0,0,0,0,0,0,0
2025-12-04 20:29,2025-12-04,0,0,0,0,0,0,0,0,0,0,0,0,0
2025-12-04 20:30,2025-12-04,0,0,0,0,0,0,0,0,0,0,0,0,0
2025-12-04 20:31,2025-12-04,0,0,0,0,0,0,0,0,0,0,0,0,0
2025-12-04 20:32,2025-12-04,0,0,0,0,0,0,0,0,0,0,0,0,0
2025-12-04 20:33,2025-12-04,0,0,0,0,0,0,0,0,0,0,0,0,0
2025-12-04 20:34,2025-12-04,0,0,0,0,0,0,0,0,0,0,0,0,0
2025-12-04 20:35,2025-12-04,0,0,0,0,0,0,0,0,0,0,0,0,0
2025-12-04 20:36,2025-12-04,0,0,0,0,0,0,0,0,0,0,0,0,0
2025-12-04 20:37,2025-12-04,0,0,0,0,0,0,0,0,0,0,0,0,0
2025-12-04 20:38,2025-12-04,0,0,0,0,0,0,0,0,0,0,0,0,0
2025-12-04 20:39,2025-12-04,0,0,0,0,0,0,0,0,0,0,0,0,0
2025-12-04 20:40,2025-12-04,0,0,0,0,0,0,0,0,0,0,0,0,0
2025-12-04 20:41,2025-12-04,0,0,0,0,0,0,0,0,0,0,0,0,0
2025-12-04 20:42,2025-12-04,0,0,0,0,0,0,0,0,0,0,0,0,0
2025-12-04 20:43,2025-12-04,0,0,0,0,0,0,0,0,0,0,0,0,0
2025-12-04 20:44,2025-12-04,0,0,0,0,0,0,0,0,0,0,0,0,0
2025-12-04 20:45,2025-12-04,0,0,0,0,0,0,0,0,0,0,0,0,0
2025-12-04 20:46,2025-12-04,0,0,0,0,0,0,0,0,0,0,0,0,0
2025-12-04 20:47,2025-12-04,0,0,0,0,0,0,0,0,0,0,0,0,0
2025-12-04 20:48,2025-12-04,0,0,0,0,0,0,0,0,0,0,0,0,0
2025-12-04 20:49,2025-12-04,0,0,0,0,0,0,0,0,0,0,0,0,0
2025-12-04 20:50,2025-12-04,0,0,0,0,0,0,0,0,0,0,0,0,0
2025-12-04 20:51,2025-12-04,0,0,0,0,0,0,0,0,0,0,0,0,0
2025-12-04 20:52,2025-12-04,0,0,0,0,0,0,0,0,0,0,0,0,0
2025-12-04 20:53,2025-12-04,0,0,0,0,0,0,0,0,0,0,0,0,0
2025-12-04 20:54,2025-12-04,0,0,0,0,0,0,0,0,0,0,0,0,0
2025-12-04 20:55,2025-12-04,0,0,0,0,0,0,0,0,0,0,0,0,0
2025-12-04 20:56,2025-12-04,0,0,0,0,0,0,0,0,0,0,0,0,0
2025-12-04 20:57,2025-12-04,0,0,0,0,0,0,0,0,0,0,0,0,0
2025-12-04 20:58,2025-12-04,0,0,0,0,0,0,0,0,0,0,0,0,0
2025-12-04 20:59,2025-12-04,0,0,0,0,0,0,0,0,0,0,0,0,0
2025-12-04 21:00,2025-12-04,0,0,0,0,0,0,0,0,0,0,0,0,0
2025-12-04 21:01,2025-12-04,0,0,0,0,0,0,0,0,0,0,0,0,0
2025-12-04 21:02,2025-12-04,0,0,0,0,0,0,0,0,0,0,0,0,0
2025-12-04 21:03,2025-12-04,0,0,0,0,0,0,0,0,0,0,0,0,0
2025-12-04 21:04,2025-12-04,0,0,0,0,0,0,0,0,0,0,0,0,0
2025-12-04 21:05,2025-12-04,0,0,0,0,0,0,0,0,0,0,0,0,0
2025-12-04 21:06,2025-12-04,0,0,0,0,0,0,0,0,0,0,0,0,0
2025-12-04 21:07,2025-12-04,0,0,0,0,0,0,0,0,0,0,0,0,0
2025-12-04 21:08,2025-12-04,0,0,0,0,0,0,0,0,0,0,0,0,0
2025-12-04 21:09,2025-12-04,0,0,0,0,0,0,0,0,0,0,0,0,0
2025-12-04 21:10,2025-12-04,0,0,0,0,0,0,0,0,0,0,0,0,0
2025-12-04 21:11,2025-12-04,0,0,0,0,0,0,0,0,0,0,0,0,0
2025-12-04 21:12,2025-12-04,0,0,0,0,0,0,0,0,0,0,0,0,0
2025-12-04 21:13,2025-12-04,0,0,0,0,0,0,0,0,0,0,0,0,0
2025-12-04 21:14,2025-12-04,0,0,0,0,0,0,0,0,0,0,0,0,0
2025-12-04 21:15,2025-12-04,0,0,0,0,0,0,0,0,0,0,0,0,0
2025-12-04 21:16,2025-12-04,0,0,0,0,0,0,0,0,0,0,0,0,0
2025-12-04 21:17,2025-12-04,0,0,0,0,0,0,0,0,0,0,0,0,0
2025-12-04 21:18,2025-12-04,0,0,0,0,0,0,0,0,0,0,0,0,0
2025-12-04 21:19,2025-12-04,0,0,0,0,0,0,0,0,0,0,0,0,0
2025-12-04 21:20,2025-12-04,0,0,0,0,0,0,0,0,0,0,0,0,0
2025-12-04 21:21,2025-12-04,0,0,0,0,0,0,0,0,0,0,0,0,0
2025-12-04 21:22,2025-12-04,0,0,0,0,0,0,0,0,0,0,0,0,0
2025-12-04 21:23,2025-12-04,0,0,0,0,0,0,0,0,0,0,0,0,0
2025-12-04 21:24,2025-12-04,0,0,0,0,0,0,0,0,0,0,0,0,0
2025-12-04 21:25,2025-12-04,0,0,0,0,0,0,0,0,0,0,0,0,0
2025-12-04 21:26,2025-12-04,0,0,0,0,0,0,0,0,0,0,0,0,0
2025-12-04 21:27,2025-12-04,0,0,0,0,0,0,0,0,0,0,0,0,0
2025-12-04 21:28,2025-12-04,0,0,0,0,0,0,0,0,0,0,0,0,0
2025-12-04 21:29,2025-12-04,0,0,0,0,0,0,0,0,0,0,0,0,0
2025-12-04 21:30,2025-12-04,0,0,0,0,0,0,0,0,0,0,0,0,0
2025-12-04 21:31,2025-12-04,0,0,0,0,0,0,0,0,0,0,0,0,0
2025-12-04 21:32,2025-12-04,0,0,0,0,0,0,0,0,0,0,0,0,0
2025-12-04 21:33,2025-12-04,0,0,0,0,0,0,0,0,0,0,0,0,0
2025-12-04 21:34,2025-12-04,0,0,0,0,0,0,0,0,0,0,0,0,0
2025-12-04 21:35,2025-12-04,0,0,0,0,0,0,0,0,0,0,0,0,0
2025-12-04 21:36,2025-12-04,0,0,0,0,0,0,0,0,0,0,0,0,0
2025-12-04 21:37,2025-12-04,0,0,0,0,0,0,0,0,0,0,0,0,0
2025-12-04 21:38,2025-12-04,0,0,0,0,0,0,0,0,0,0,0,0,0
2025-12-04 21:39,2025-12-04,0,0,0,0,0,0,0,0,0,0,0,0,0
2025-12-04 21:40,2025-12-04,0,0,0,0,0,0,0,0,0,0,0,0,0
2025-12-04 21:41,2025-12-04,0,0,0,0,0,0,0,0,0,0,0,0,0
2025-12-04 21:42,2025-12-04,0,0,0,0,0,0,0,0,0,0,0,0,0
2025-12-04 21:43,2025-12-04,0,0,0,0,0,0,0,0,0,0,0,0,0
2025-12-04 21:44,2025-12-04,0,0,0,0,0,0,0,0,0,0,0,0,0
2025-12-04 21:45,2025-12-04,0,0,0,0,0,0,0,0,0,0,0,0,0
2025-12-04 21:46,2025-12-04,0,0,0,0,0,0,0,0,0,0,0,0,0
2025-12-04 21:47,2025-12-04,0,0,0,0,0,0,0,0,0,0,0,0,0
2025-12-04 21:48,2025-12-04,0,0,0,0,0,0,0,0,0,0,0,0,0
2025-12-04 21:49,2025-12-04,0,0,0,0,0,0,0,0,0,0,0,0,0
2025-12-04 21:50,2025-12-04,0,0,0,0,0,0,0,0,0,0,0,0,0
2025-12-04 21:51,2025-12-04,0,0,0,0,0,0,0,0,0,0,0,0,0
2025-12-04 21:52,2025-12-04,0,0,0,0,0,0,0,0,0,0,0,0,0
2025-12-04 21:53,2025-12-04,0,0,0,0,0,0,0,0,0,0,0,0,0
2025-12-04 21:54,2025-12-04,0,0,0,0,0,0,0,0,0,0,0,0,0
2025-12-04 21:55,2025-12-04,0,0,0,0,0,0,0,0,0,0,0,0,0
2025-12-04 21:56,2025-12-04,0,0,0,0,0,0,0,0,0,0,0,0,0
2025-12-04 21:57,2025-12-04,0,0,0,0,0,0,0,0,0,0,0,0,0
2025-12-04 21:58,2025-12-04,0,0,0,0,0,0,0,0,0,0,0,0,0
2025-12-04 21:59,2025-12-04,0,0,0,0,0,0,0,0,0,0,0,0,0
2025-12-04 22:00,2025-12-04,0,0,0,0,0,0,0,0,0,0,0,0,0
2025-12-04 22:01,2025-12-04,0,0,0,0,0,0,0,0,0,0,0,0,0
2025-12-04 22:02,2025-12-04,0,0,0,0,0,0,0,0,0,0,0,0,0
2025-12-04 22:03,2025-12-04,0,0,0,0,0,0,0,0,0,0,0,0,0
2025-12-04 22:04,2025-12-04,0,0,0,0,0,0,0,0,0,0,0,0,0
2025-12-04 22:05,2025-12-04,0,0,0,0,0,0,0,0,0,0,0,0,0
2025-12-04 22:06,2025-12-04,0,0,0,0,0,0,0,0,0,0,0,0,0
2025-12-04 22:07,2025-12-04,0,0,0,0,0,0,0,0,0,0,0,0,0
2025-12-04 22:08,2025-12-04,0,0,0,0,0,0,0,0,0,0,0,0,0
2025-12-04 22:09,2025-12-04,0,0,0,0,0,0,0,0,0,0,0,0,0
2025-12-04 22:10,2025-12-04,0,0,0,0,0,0,0,0,0,0,0,0,0
2025-12-04 22:11,2025-12-04,0,0,0,0,0,0,0,0,0,0,0,0,0
2025-12-04 22:12,2025-12-04,0,0,0,0,0,0,0,0,0,0,0,0,0
2025-12-04 22:13,2025-12-04,0,0,0,0,0,0,0,0,0,0,0,0,0
2025-12-04 22:14,2025-12-04,0,0,0,0,0,0,0,0,0,0,0,0,0
2025-12-04 22:15,2025-12-04,0,0,0,0,0,0,0,0,0,0,0,0,0
2025-12-04 22:16,2025-12-04,0,0,0,0,0,0,0,0,0,0,0,0,0
2025-12-04 22:17,2025-12-04,0,0,0,0,0,0,0,0,0,0,0,0,0
2025-12-04 22:18,2025-12-04,0,0,0,0,0,0,0,0,0,0,0,0,0
2025-12-04 22:19,2025-12-04,0,0,0,0,0,0,0,0,0,0,0,0,0
2025-12-04 22:20,2025-12-04,0,0,0,0,0,0,0,0,0,0,0,0,0
2025-12-04 22:21,2025-12-04,0,0,0,0,0,0,0,0,0,0,0,0,0
2025-12-04 22:22,2025-12-04,0,0,0,0,0,0,0,0,0,0,0,0,0
2025-12-04 22:23,2025-12-04,0,0,0,0,0,0,0,0,0,0,0,0,0
2025-12-04 22:24,2025-12-04,0,0,0,0,0,0,0,0,0,0,0,0,0
2025-12-04 22:25,2025-12-04,0,0,0,0,0,0,0,0,0,0,0,0,0
2025-12-04 22:26,2025-12-04,0,0,0,0,0,0,0,0,0,0,0,0,0
2025-12-04 22:27,2025-12-04,0,0,0,0,0,0,0,0,0,0,0,0,0
2025-12-04 22:28,2025-12-04,0,0,0,0,0,0,0,0,0,0,0,0,0
2025-12-04 22:29,2025-12-04,0,0,0,0,0,0,0,0,0,0,0,0,0
2025-12-04 22:30,2025-12-04,0,0,0,0,0,0,0,0,0,0,0,0,0
2025-12-04 22:31,2025-12-04,0,0,0,0,0,0,0,0,0,0,0,0,0
2025-12-04 22:32,2025-12-04,0,0,0,0,0,0,0,0,0,0,0,0,0
2025-12-04 22:33,2025-12-04,0,0,0,0,0,0,0,0,0,0,0,0,0
2025-12-04 22:34,2025-12-04,0,0,0,0,0,0,0,0,0,0,0,0,0
2025-12-04 22:35,2025-12-04,0,0,0,0,0,0,0,0,0,0,0,0,0
2025-12-04 22:36,2025-12-04,0,0,0,0,0,0,0,0,0,0,0,0,0
2025-12-04 22:37,2025-12-04,0,0,0,0,0,0,0,0,0,0,0,0,0
2025-12-04 22:38,2025-12-04,0,0,0,0,0,0,0,0,0,0,0,0,0
2025-12-04 22:39,2025-12-04,0,0,0,0,0,0,0,0,0,0,0,0,0
2025-12-04 22:40,2025-12-04,0,0,0,0,0,0,0,0,0,0,0,0,0
2025-12-04 22:41,2025-12-04,0,0,0,0,0,0,0,0,0,0,0,0,0
2025-12-04 22:42,2025-12-04,0,0,0,0,0,0,0,0,0,0,0,0,0
2025-12-04 22:43,2025-12-04,0,0,0,0,0,0,0,0,0,0,0,0,0
2025-12-04 22:44,2025-12-04,0,0,0,0,0,0,0,0,0,0,0,0,0
2025-12-04 22:45,2025-12-04,0,0,0,0,0,0,0,0,0,0,0,0,0
2025-12-04 22:46,2025-12-04,0,0,0,0,0,0,0,0,0,0,0,0,0
2025-12-04 22:47,2025-12-04,0,0,0,0,0,0,0,0,0,0,0,0,0
2025-12-04 22:48,2025-12-04,0,0,0,0,0,0,0,0,0,0,0,0,0
2025-12-04 22:49,2025-12-04,0,0,0,0,0,0,0,0,0,0,0,0,0
2025-12-04 22:50,2025-12-04,0,0,0,0,0,0,0,0,0,0,0,0,0
2025-12-04 22:51,2025-12-04,0,0,0,0,0,0,0,0,0,0,0,0,0
2025-12-04 22:52,2025-12-04,0,0,0,0,0,0,0,0,0,0,0,0,0
2025-12-04 22:53,2025-12-04,0,0,0,0,0,0,0,0,0,0,0,0,0
2025-12-04 22:54,2025-12-04,0,0,0,0,0,0,0,0,0,0,0,0,0
2025-12-04 22:55,2025-12-04,0,0,0,0,0,0,0,0,0,0,0,0,0
2025-12-04 22:56,2025-12-04,0,0,0,0,0,0,0,0,0,0,0,0,0
2025-12-04 22:57,2025-12-04,0,0,0,0,0,0,0,0,0,0,0,0,0
2025-12-04 22:58,2025-12-04,0,0,0,0,0,0,0,0,0,0,0,0,0
2025-12-04 22:59,2025-12-04,0,0,0,0,0,0,0,0,0,0,0,0,0
2025-12-04 23:00,2025-12-04,0,0,0,0,0,0,0,0,0,0,0,0,0
2025-12-04 23:01,2025-12-04,0,0,0,0,0,0,0,0,0,0,0,0,0
2025-12-04 23:02,2025-12-04,0,0,0,0,0,0,0,0,0,0,0,0,0
2025-12-04 23:03,2025-12-04,0,0,0,0,0,0,0,0,0,0,0,0,0
2025-12-04 23:04,2025-12-04,0,0,0,0,0,0,0,0,0,0,0,0,0
2025-12-04 23:05,2025-12-04,0,0,0,0,0,0,0,0,0,0,0,0,0
2025-12-04 23:06,2025-12-04,0,0,0,0,0,0,0,0,0,0,0,0,0
2025-12-04 23:07,2025-12-04,0,0,0,0,0,0,0,0,0,0,0,0,0
2025-12-04 23:08,2025-12-04,0,0,0,0,0,0,0,0,0,0,0,0,0
2025-12-04 23:09,2025-12-04,0,0,0,0,0,0,0,0,0,0,0,0,0
2025-12-04 23:10,2025-12-04,0,0,0,0,0,0,0,0,0,0,0,0,0
2025-12-04 23:11,2025-12-04,0,0,0,0,0,0,0,0,0,0,0,0,0
2025-12-04 23:12,2025-12-04,0,0,0,0,0,0,0,0,0,0,0,0,0
2025-12-04 23:13,2025-12-04,0,0,0,0,0,0,0,0,0,0,0,0,0
2025-12-04 23:14,2025-12-04,0,0,0,0,0,0,0,0,0,0,0,0,0
2025-12-04 23:15,2025-12-04,0,0,0,0,0,0,0,0,0,0,0,0,0
2025-12-04 23:16,2025-12-04,0,0,0,0,0,0,0,0,0,0,0,0,0
2025-12-04 23:17,2025-12-04,0,0,0,0,0,0,0,0,0,0,0,0,0
2025-12-04 23:18,2025-12-04,0,0,0,0,0,0,0,0,0,0,0,0,0
2025-12-04 23:19,2025-12-04,0,0,0,0,0,0,0,0,0,0,0,0,0
2025-12-04 23:20,2025-12-04,0,0,0,0,0,0,0,0,0,0,0,0,0
2025-12-04 23:21,2025-12-04,0,0,0,0,0,0,0,0,0,0,0,0,0
2025-12-04 23:22,2025-12-04,0,0,0,0,0,0,0,0,0,0,0,0,0
2025-12-04 23:23,2025-12-04,0,0,0,0,0,0,0,0,0,0,0,0,0
2025-12-04 23:24,2025-12-04,0,0,0,0,0,0,0,0,0,0,0,0,0
2025-12-04 23:25,2025-12-04,0,0,0,0,0,0,0,0,0,0,0,0,0
2025-12-04 23:26,2025-12-04,0,0,0,0,0,0,0,0,0,0,0,0,0
2025-12-04 23:27,2025-12-04,0,0,0,0,0,0,0,0,0,0,0,0,0
2025-12-04 23:28,2025-12-04,0,0,0,0,0,0,0,0,0,0,0,0,0
2025-12-04 23:29,2025-12-04,0,0,0,0,0,0,0,0,0,0,0,0,0
2025-12-04 23:30,2025-12-04,0,0,0,0,0,0,0,0,0,0,0,0,0
2025-12-04 23:31,2025-12-04,0,0,0,0,0,0,0,0,0,0,0,0,0
2025-12-04 23:32,2025-12-04,0,0,0,0,0,0,0,0,0,0,0,0,0
2025-12-04 23:33,2025-12-04,0,0,0,0,0,0,0,0,0,0,0,0,0
2025-12-04 23:34,2025-12-04,0,0,0,0,0,0,0,0,0,0,0,0,0
2025-12-04 23:35,2025-12-04,0,0,0,0,0,0,0,0,0,0,0,0,0
2025-12-04 23:36,2025-12-04,0,0,0,0,0,0,0,0,0,0,0,0,0
2025-12-04 23:37,2025-12-04,0,0,0,0,0,0,0,0,0,0,0,0,0
2025-12-04 23:38,2025-12-04,0,0,0,0,0,0,0,0,0,0,0,0,0
2025-12-04 23:39,2025-12-04,0,0,0,0,0,0,0,0,0,0,0,0,0
2025-12-04 23:40,2025-12-04,0,0,0,0,0,0,0,0,0,0,0,0,0
2025-12-04 23:41,2025-12-04,0,0,0,0,0,0,0,0,0,0,0,0,0
2025-12-04 23:42,2025-12-04,0,0,0,0,0,0,0,0,0,0,0,0,0
2025-12-04 23:43,2025-12-04,0,0,0,0,0,0,0,0,0,0,0,0,0
2025-12-04 23:44,2025-12-04,0,0,0,0,0,0,0,0,0,0,0,0,0
2025-12-04 23:45,2025-12-04,0,0,0,0,0,0,0,0,0,0,0,0,0
2025-12-04 23:46,2025-12-04,0,0,0,0,0,0,0,0,0,0,0,0,0
2025-12-04 23:47,2025-12-04,0,0,0,0,0,0,0,0,0,0,0,0,0
2025-12-04 23:48,2025-12-04,0,0,0,0,0,0,0,0,0,0,0,0,0
2025-12-04 23:49,2025-12-04,0,0,0,0,0,0,0,0,0,0,0,0,0
2025-12-04 23:50,2025-12-04,0,0,0,0,0,0,0,0,0,0,0,0,0
2025-12-04 23:51,2025-12-04,0,0,0,0,0,0,0,0,0,0,0,0,0
2025-12-04 23:52,2025-12-04,0,0,0,0,0,0,0,0,0,0,0,0,0
2025-12-04 23:53,2025-12-04,0,0,0,0,0,0,0,0,0,0,0,0,0
2025-12-04 23:54,2025-12-04,0,0,0,0,0,0,0,0,0,0,0,0,0
2025-12-04 23:55,2025-12-04,0,0,0,0,0,0,0,0,0,0,0,0,0
2025-12-04 23:56,2025-12-04,0,0,0,0,0,0,0,0,0,0,0,0,0
2025-12-04 23:57,2025-12-04,0,0,0,0,0,0,0,0,0,0,0,0,0
2025-12-04 23:58,2025-12-04,0,0,0,0,0,0,0,0,0,0,0,0,0
2025-12-04 23:59,2025-12-04,0,0,0,0,0,0,0,0,0,0,0,0,0
2025-12-05 00:00,2025-12-05,0,0,0,0,0,0,0,0,0,0,0,0,0
2025-12-05 00:01,2025-12-05,0,0,0,0,0,0,0,0,0,0,0,0,0
2025-12-05 00:02,2025-12-05,0,0,0,0,0,0,0,0,0,0,0,0,0
2025-12-05 00:03,2025-12-05,0,0,0,0,0,0,0,0,0,0,0,0,0
2025-12-05 00:04,2025-12-05,0,0,0,0,0,0,0,0,0,0,0,0,0
2025-12-05 00:05,2025-12-05,0,0,0,0,0,0,0,0,0,0,0,0,0
2025-12-05 00:06,2025-12-05,0,0,0,0,0,0,0,0,0,0,0,0,0
2025-12-05 00:07,2025-12-05,0,0,0,0,0,0,0,0,0,0,0,0,0
2025-12-05 00:08,2025-12-05,0,0,0,0,0,0,0,0,0,0,0,0,0
2025-12-05 00:09,2025-12-05,0,0,0,0,0,0,0,0,0,0,0,0,0
2025-12-05 00:10,2025-12-05,0,0,0,0,0,0,0,0,0,0,0,0,0
2025-12-05 00:11,2025-12-05,0,0,0,0,0,0,0,0,0,0,0,0,0
2025-12-05 00:12,2025-12-05,0,0,0,0,0,0,0,0,0,0,0,0,0
2025-12-05 00:13,2025-12-05,0,0,0,0,0,0,0,0,0,0,0,0,0
2025-12-05 00:14,2025-12-05,0,0,0,0,0,0,0,0,0,0,0,0,0
2025-12-05 00:15,2025-12-05,0,0,0,0,0,0,0,0,0,0,0,0,0
2025-12-05 00:16,2025-12-05,0,0,0,0,0,0,0,0,0,0,0,0,0
2025-12-05 00:17,2025-12-05,0,0,0,0,0,0,0,0,0,0,0,0,0
2025-12-05 00:18,2025-12-05,0,0,0,0,0,0,0,0,0,0,0,0,0
2025-12-05 00:19,2025-12-05,0,0,0,0,0,0,0,0,0,0,0,0,0
2025-12-05 00:20,2025-12-05,0,0,0,0,0,0,0,0,0,0,0,0,0
2025-12-05 00:21,2025-12-05,0,0,0,0,0,0,0,0,0,0,0,0,0
2025-12-05 00:22,2025-12-05,0,0,0,0,0,0,0,0,0,0,0,0,0
2025-12-05 00:23,2025-12-05,0,0,0,0,0,0,0,0,0,0,0,0,0
2025-12-05 00:24,2025-12-05,0,0,0,0,0,0,0,0,0,0,0,0,0
2025-12-05 00:25,2025-12-05,0,0,0,0,0,0,0,0,0,0,0,0,0
2025-12-05 00:26,2025-12-05,0,0,0,0,0,0,0,0,0,0,0,0,0
2025-12-05 00:27,2025-12-05,0,0,0,0,0,0,0,0,0,0,0,0,0
2025-12-05 00:28,2025-12-05,0,0,0,0,0,0,0,0,0,0,0,0,0
2025-12-05 00:29,2025-12-05,0,0,0,0,0,0,0,0,0,0,0,0,0
2025-12-05 00:30,2025-12-05,0,0,0,0,0,0,0,0,0,0,0,0,0
2025-12-05 00:31,2025-12-05,0,0,0,0,0,0,0,0,0,0,0,0,0
2025-12-05 00:32,2025-12-05,0,0,0,0,0,0,0,0,0,0,0,0,0
2025-12-05 00:33,2025-12-05,0,0,0,0,0,0,0,0,0,0,0,0,0
2025-12-05 00:34,2025-12-05,0,0,0,0,0,0,0,0,0,0,0,0,0
2025-12-05 00:35,2025-12-05,0,0,0,0,0,0,0,0,0,0,0,0,0
2025-12-05 00:36,2025-12-05,0,0,0,0,0,0,0,0,0,0,0,0,0
2025-12-05 00:37,2025-12-05,0,0,0,0,0,0,0,0,0,0,0,0,0
2025-12-05 00:38,2025-12-05,0,0,0,0,0,0,0,0,0,0,0,0,0
2025-12-05 00:39,2025-12-05,0,0,0,0,0,0,0,0,0,0,0,0,0
2025-12-05 00:40,2025-12-05,0,0,0,0,0,0,0,0,0,0,0,0,0
2025-12-05 00:41,2025-12-05,0,0,0,0,0,0,0,0,0,0,0,0,0
2025-12-05 00:42,2025-12-05,0,0,0,0,0,0,0,0,0,0,0,0,0
2025-12-05 00:43,2025-12-05,0,0,0,0,0,0,0,0,0,0,0,0,0
2025-12-05 00:44,2025-12-05,0,0,0,0,0,0,0,0,0,0,0,0,0
2025-12-05 00:45,2025-12-05,0,0,0,0,0,0,0,0,0,0,0,0,0
2025-12-05 00:46,2025-12-05,0,0,0,0,0,0,0,0,0,0,0,0,0
2025-12-05 00:47,2025-12-05,0,0,0,0,0,0,0,0,0,0,0,0,0
2025-12-05 00:48,2025-12-05,0,0,0,0,0,0,0,0,0,0,0,0,0
2025-12-05 00:49,2025-12-05,0,0,0,0,0,0,0,0,0,0,0,0,0
2025-12-05 00:50,2025-12-05,0,0,0,0,0,0,0,0,0,0,0,0,0
2025-12-05 00:51,2025-12-05,0,0,0,0,0,0,0,0,0,0,0,0,0
2025-12-05 00:52,2025-12-05,0,0,0,0,0,0,0,0,0,0,0,0,0
2025-12-05 00:53,2025-12-05,0,0,0,0,0,0,0,0,0,0,0,0,0
2025-12-05 00:54,2025-12-05,0,0,0,0,0,0,0,0,0,0,0,0,0
2025-12-05 00:55,2025-12-05,0,0,0,0,0,0,0,0,0,0,0,0,0
2025-12-05 00:56,2025-12-05,0,0,0,0,0,0,0,0,0,0,0,0,0
2025-12-05 00:57,2025-12-05,0,0,0,0,0,0,0,0,0,0,0,0,0
2025-12-05 00:58,2025-12-05,0,0,0,0,0,0,0,0,0,0,0,0,0
2025-12-05 00:59,2025-12-05,0,0,0,0,0,0,0,0,0,0,0,0,0
2025-12-05 01:00,2025-12-05,0,0,0,0,0,0,0,0,0,0,0,0,0
2025-12-05 01:01,2025-12-05,0,0,0,0,0,0,0,0,0,0,0,0,0
2025-12-05 01:02,2025-12-05,0,0,0,0,0,0,0,0,0,0,0,0,0
2025-12-05 01:03,2025-12-05,0,0,0,0,0,0,0,0,0,0,0,0,0
2025-12-05 01:04,2025-12-05,0,0,0,0,0,0,0,0,0,0,0,0,0
2025-12-05 01:05,2025-12-05,0,0,0,0,0,0,0,0,0,0,0,0,0
2025-12-05 01:06,2025-12-05,0,0,0,0,0,0,0,0,0,0,0,0,0
2025-12-05 01:07,2025-12-05,0,0,0,0,0,0,0,0,0,0,0,0,0
2025-12-05 01:08,2025-12-05,0,0,0,0,0,0,0,0,0,0,0,0,0
2025-12-05 01:09,2025-12-05,0,0,0,0,0,0,0,0,0,0,0,0,0
2025-12-05 01:10,2025-12-05,0,0,0,0,0,0,0,0,0,0,0,0,0
2025-12-05 01:11,2025-12-05,0,0,0,0,0,0,0,0,0,0,0,0,0
2025-12-05 01:12,2025-12-05,0,0,0,0,0,0,0,0,0,0,0,0,0
2025-12-05 01:13,2025-12-05,0,0,0,0,0,0,0,0,0,0,0,0,0
2025-12-05 01:14,2025-12-05,0,0,0,0,0,0,0,0,0,0,0,0,0
2025-12-05 01:15,2025-12-05,0,0,0,0,0,0,0,0,0,0,0,0,0
2025-12-05 01:16,2025-12-05,0,0,0,0,0,0,0,0,0,0,0,0,0
2025-12-05 01:17,2025-12-05,0,0,0,0,0,0,0,0,0,0,0,0,0
2025-12-05 01:18,2025-12-05,0,0,0,0,0,0,0,0,0,0,0,0,0
2025-12-05 01:19,2025-12-05,0,0,0,0,0,0,0,0,0,0,0,0,0
2025-12-05 01:20,2025-12-05,0,0,0,0,0,0,0,0,0,0,0,0,0
2025-12-05 01:21,2025-12-05,0,0,0,0,0,0,0,0,0,0,0,0,0
2025-12-05 01:22,2025-12-05,0,0,0,0,0,0,0,0,0,0,0,0,0
2025-12-05 01:23,2025-12-05,0,0,0,0,0,0,0,0,0,0,0,0,0
2025-12-05 01:24,2025-12-05,0,0,0,0,0,0,0,0,0,0,0,0,0
2025-12-05 01:25,2025-12-05,0,0,0,0,0,0,0,0,0,0,0,0,0
2025-12-05 01:26,2025-12-05,0,0,0,0,0,0,0,0,0,0,0,0,0
2025-12-05 01:27,2025-12-05,0,0,0,0,0,0,0,0,0,0,0,0,0
2025-12-05 01:28,2025-12-05,0,0,0,0,0,0,0,0,0,0,0,0,0
2025-12-05 01:29,2025-12-05,0,0,0,0,0,0,0,0,0,0,0,0,0
2025-12-05 01:30,2025-12-05,0,0,0,0,0,0,0,0,0,0,0,0,0
2025-12-05 01:31,2025-12-05,0,0,0,0,0,0,0,0,0,0,0,0,0
2025-12-05 01:32,2025-12-05,0,0,0,0,0,0,0,0,0,0,0,0,0
2025-12-05 01:33,2025-12-05,0,0,0,0,0,0,0,0,0,0,0,0,0
2025-12-05 01:34,2025-12-05,0,0,0,0,0,0,0,0,0,0,0,0,0
2025-12-05 01:35,2025-12-05,0,0,0,0,0,0,0,0,0,0,0,0,0
2025-12-05 01:36,2025-12-05,0,0,0,0,0,0,0,0,0,0,0,0,0
2025-12-05 01:37,2025-12-05,0,0,0,0,0,0,0,0,0,0,0,0,0
2025-12-05 01:38,2025-12-05,0,0,0,0,0,0,0,0,0,0,0,0,0
2025-12-05 01:39,2025-12-05,0,0,0,0,0,0,0,0,0,0,0,0,0
2025-12-05 01:40,2025-12-05,0,0,0,0,0,0,0,0,0,0,0,0,0
2025-12-05 01:41,2025-12-05,0,0,0,0,0,0,0,0,0,0,0,0,0
2025-12-05 01:42,2025-12-05,0,0,0,0,0,0,0,0,0,0,0,0,0
2025-12-05 01:43,2025-12-05,0,0,0,0,0,0,0,0,0,0,0,0,0
2025-12-05 01:44,2025-12-05,0,0,0,0,0,0,0,0,10,0,0,0,0
2025-12-05 01:45,2025-12-05,5.673699654525006,45.34807974919681,1600.0,3040.0,3168.0,0,0.0,0,353,0,0,0,0
2025-12-05 01:46,2025-12-05,5.844768909751864,51.18462528758342,1600.0,3040.0,3168.0,0,0.0,0,705,0,0,0,0
2025-12-05 01:47,2025-12-05,5.844899798699544,48.451444358987175,1600.0,3040.0,3168.0,0,0.0,0,1057,0,0,0,0
2025-12-05 01:48,2025-12-05,5.844924486676124,52.54701038639551,1600.0,3040.0,3168.0,0,0.0,0,1409,0,0,0,0
2025-12-05 01:49,2025-12-05,5.844874603449039,54.61473972346906,1600.0,3040.0,3168.0,0,0.0,0,1761,0,0,0,0
2025-12-05 01:50,2025-12-05,5.84480200026529,52.938820963436775,1600.0,3040.0,3168.0,0,0.0,0,2113,0,0,0,0
2025-12-05 01:51,2025-12-05,5.844834599684736,45.06337746881217,1600.0,3040.0,3168.0,0,0.0,0,2465,0,0,0,0
2025-12-05 01:52,2025-12-05,5.844906705034876,46.685234430269695,1600.0,3040.0,3168.0,0,0.0,0,2817,0,0,0,0
2025-12-05 01:53,2025-12-05,5.845063278065379,49.83709984984323,1600.0,3040.0,3168.0,0,0.0,0,3169,0,0,0,0
2025-12-05 01:54,2025-12-05,5.844721496373979,47.134317651951335,1600.0,3040.0,3168.0,0,0.0,0,3521,0,0,0,0
2025-12-05 01:55,2025-12-05,5.844867199543399,48.98651543233981,1600.0,3040.0,3168.0,0,0.0,0,3873,0,0,0,0
2025-12-05 01:56,2025-12-05,5.845062785588529,53.051295089632994,1600.0,3040.0,3168.0,0,0.0,0,4225,0,0,0,0
2025-12-05 01:57,2025-12-05,5.844908684997642,nan,nan,nan,nan,0,0.0,0,4585,0,0,0,0
2025-12-05 01:58,2025-12-05,6.125772052014637,nan,nan,nan,nan,0,0.0,0,4962,0,0,0,0
2025-12-05 01:59,2025-12-05,6.2006020370437085,nan,nan,nan,nan,0,0.0,0,5334,0,0,0,0
2025-12-05 02:00,2025-12-05,6.223827032696584,nan,nan,nan,nan,0,0.0,0,5710,0,0,0,0
2025-12-05 02:01,2025-12-05,6.2226790469052915,nan,nan,nan,nan,0,0.0,0,6086,0,0,0,0
2025-12-05 02:02,2025-12-05,6.26753825404564,nan,nan,nan,nan,0,0.0,0,6461,0,0,0,0
2025-12-05 02:03,2025-12-05,6.200536349921,nan,nan,nan,nan,0,0.0,0,6835,0,0,0,0
2025-12-05 02:04,2025-12-05,6.289478576598607,nan,nan,nan,nan,0,0.0,0,7213,0,0,0,0
2025-12-05 02:05,2025-12-05,6.222769435067081,nan,nan,nan,nan,0,0.0,0,7587,0,0,0,0
2025-12-05 02:06,2025-12-05,6.267157573051943,nan,nan,nan,nan,0,0.0,0,7965,0,0,0,0
2025-12-05 02:07,2025-12-05,6.222801048830263,nan,nan,nan,nan,0,0.0,0,8341,0,0,0,0
2025-12-05 02:08,2025-12-05,5.26716439233025,nan,nan,nan,nan,0,0.0,0,8637,0,0,0,0
2025-12-05 02:09,2025-12-05,0,0,0,0,0,0,0,0,8637,0,0,0,0
2025-12-05 02:10,2025-12-05,0,0,0,0,0,0,0,0,8637,0,0,0,0
2025-12-05 02:11,2025-12-05,0,0,0,0,0,0,0,0,8637,0,0,0,0
2025-12-05 02:12,2025-12-05,0,0,0,0,0,0,0,0,8637,0,0,0,0
2025-12-05 02:13,2025-12-05,0,0,0,0,0,0,0,0,0,0,0,0,0
2025-12-05 02:14,2025-12-05,0,0,0,0,0,0,0,0,0,0,0,0,0
2025-12-05 02:15,2025-12-05,0.43690893080922544,nan,nan,nan,nan,0,0.0,0,8745,0,0,0,0
2025-12-05 02:16,2025-12-05,6.2670395305257145,nan,nan,nan,nan,0,0.0,0,9121,0,0,0,0
2025-12-05 02:17,2025-12-05,6.222407413607912,nan,nan,nan,nan,0,0.0,0,9497,0,0,0,0
2025-12-05 02:18,2025-12-05,6.199893323280415,nan,nan,nan,nan,0,0.0,0,9872,0,0,0,0
2025-12-05 02:19,2025-12-05,6.200834681914283,nan,nan,nan,nan,0,0.0,0,10248,0,0,0,0
2025-12-05 02:20,2025-12-05,6.200460283481803,nan,nan,nan,nan,0,0.0,0,10624,0,0,0,0
2025-12-05 02:21,2025-12-05,6.178031122623336,nan,nan,nan,nan,0,0.0,0,10997,0,0,0,0
2025-12-05 02:22,2025-12-05,6.222536806640135,nan,nan,nan,nan,0,0.0,0,11375,0,0,0,0
2025-12-05 02:23,2025-12-05,6.200275074645355,nan,nan,nan,nan,0,0.0,0,11750,0,0,0,0
2025-12-05 02:24,2025-12-05,6.244815332094852,nan,nan,nan,nan,0,0.0,0,12127,0,0,0,0
2025-12-05 02:25,2025-12-05,6.24470223420637,nan,nan,nan,nan,0,0.0,0,12503,0,0,0,0
2025-12-05 02:26,2025-12-05,6.178065199364248,nan,nan,nan,nan,0,0.0,0,12877,0,0,0,0
2025-12-05 02:27,2025-12-05,6.178077051984313,nan,nan,nan,nan,0,0.0,0,13253,0,0,0,0
2025-12-05 02:28,2025-12-05,6.222586688725651,nan,nan,nan,nan,0,0.0,0,13630,0,0,0,0
2025-12-05 02:29,2025-12-05,6.222465195237741,nan,nan,nan,nan,0,0.0,0,14005,0,0,0,0
2025-12-05 02:30,2025-12-05,6.244817801109885,nan,nan,nan,nan,0,0.0,0,14380,0,0,0,0
2025-12-05 02:31,2025-12-05,6.222544214870657,nan,nan,nan,nan,0,0.0,0,14755,0,0,0,0
2025-12-05 02:32,2025-12-05,6.200374344912449,nan,nan,nan,nan,0,0.0,0,15129,0,0,0,0
2025-12-05 02:33,2025-12-05,6.155872116050373,nan,nan,nan,nan,0,0.0,0,15502,0,0,0,0
2025-12-05 02:34,2025-12-05,6.200371874799802,nan,nan,nan,nan,0,0.0,0,15877,0,0,0,0
2025-12-05 02:35,2025-12-05,6.222599037093632,nan,nan,nan,nan,0,0.0,0,16251,0,0,0,0
2025-12-05 02:36,2025-12-05,6.22252793118752,nan,nan,nan,nan,0,0.0,0,16627,0,0,0,0
2025-12-05 02:37,2025-12-05,6.222521991232729,nan,nan,nan,nan,0,0.0,0,17003,0,0,0,0
2025-12-05 02:38,2025-12-05,6.24476199250578,nan,nan,nan,nan,0,0.0,0,17380,0,0,0,0
2025-12-05 02:39,2025-12-05,6.177827299061208,nan,nan,nan,nan,0,0.0,0,17755,0,0,0,0
2025-12-05 02:40,2025-12-05,6.200355577043866,nan,nan,nan,nan,0,0.0,0,18132,0,0,0,0
2025-12-05 02:41,2025-12-05,6.200214329547711,nan,nan,nan,nan,0,0.0,0,18507,0,0,0,0
2025-12-05 02:42,2025-12-05,6.200249887803022,nan,nan,nan,nan,0,0.0,0,18884,0,0,0,0
2025-12-05 02:43,2025-12-05,6.200330388708878,nan,nan,nan,nan,0,0.0,0,19259,0,0,0,0
2025-12-05 02:44,2025-12-05,6.200350143990271,nan,nan,nan,nan,0,0.0,0,19635,0,0,0,0
2025-12-05 02:45,2025-12-05,6.222545203205447,nan,nan,nan,nan,0,0.0,0,20011,0,0,0,0
2025-12-05 02:46,2025-12-05,6.244831136341918,nan,nan,nan,nan,0,0.0,0,20390,0,0,0,0
2025-12-05 02:47,2025-12-05,6.178085942585316,nan,nan,nan,nan,0,0.0,0,20764,0,0,0,0
2025-12-05 02:48,2025-12-05,6.200241985317301,nan,nan,nan,nan,0,0.0,0,21141,0,0,0,0
2025-12-05 02:49,2025-12-05,6.266978288406996,nan,nan,nan,nan,0,0.0,0,21519,0,0,0,0
2025-12-05 02:50,2025-12-05,6.222475567418973,nan,nan,nan,nan,0,0.0,0,21895,0,0,0,0
2025-12-05 02:51,2025-12-05,6.155796060477945,nan,nan,nan,nan,0,0.0,0,22269,0,0,0,0
2025-12-05 02:52,2025-12-05,6.244679516049834,nan,nan,nan,nan,0,0.0,0,22648,0,0,0,0
2025-12-05 02:53,2025-12-05,6.244703229608345,nan,nan,nan,nan,0,0.0,0,23023,0,0,0,0
2025-12-05 02:54,2025-12-05,6.1335861841871,nan,nan,nan,nan,0,0.0,0,23394,0,0,0,0
2025-12-05 02:55,2025-12-05,6.200193093542122,nan,nan,nan,nan,0,0.0,0,23771,0,0,0,0
2025-12-05 02:56,2025-12-05,6.244656305020975,nan,nan,nan,nan,0,0.0,0,24148,0,0,0,0
2025-12-05 02:57,2025-12-05,6.200166430321031,nan,nan,nan,nan,0,0.0,0,24523,0,0,0,0
2025-12-05 02:58,2025-12-05,6.28917631177044,nan,nan,nan,nan,0,0.0,0,24901,0,0,0,0
2025-12-05 02:59,2025-12-05,6.244591609327994,nan,nan,nan,nan,0,0.0,0,25279,0,0,0,0
2025-12-05 03:00,2025-12-05,6.22224545385807,nan,nan,nan,nan,0,0.0,0,25656,0,0,0,0
2025-12-05 03:01,2025-12-05,6.222473593581174,nan,nan,nan,nan,0,0.0,0,26031,0,0,0,0
2025-12-05 03:02,2025-12-05,6.244682973070422,nan,nan,nan,nan,0,0.0,0,26407,0,0,0,0
2025-12-05 03:03,2025-12-05,6.222213830639132,nan,nan,nan,nan,0,0.0,0,26784,0,0,0,0
2025-12-05 03:04,2025-12-05,6.200193591177271,nan,nan,nan,nan,0,0.0,0,27159,0,0,0,0
2025-12-05 03:05,2025-12-05,6.311275563029037,nan,nan,nan,nan,0,0.0,0,27539,0,0,0,0
2025-12-05 03:06,2025-12-05,6.222479025339519,nan,nan,nan,nan,0,0.0,0,27913,0,0,0,0
2025-12-05 03:07,2025-12-05,6.20014272209619,nan,nan,nan,nan,0,0.0,0,28288,0,0,0,0
2025-12-05 03:08,2025-12-05,6.244573338019364,nan,nan,nan,nan,0,0.0,0,28664,0,0,0,0
2025-12-05 03:09,2025-12-05,6.2446340814928005,nan,nan,nan,nan,0,0.0,0,29040,0,0,0,0
2025-12-05 03:10,2025-12-05,6.2447664391124205,nan,nan,nan,nan,0,0.0,0,29417,0,0,0,0
2025-12-05 03:11,2025-12-05,6.200239024176247,nan,nan,nan,nan,0,0.0,0,29794,0,0,0,0
2025-12-05 03:12,2025-12-05,6.244713594459044,nan,nan,nan,nan,0,0.0,0,30170,0,0,0,0
2025-12-05 03:13,2025-12-05,6.1780247026617525,nan,nan,nan,nan,0,0.0,0,30543,0,0,0,0
2025-12-05 03:14,2025-12-05,6.222478530403895,nan,nan,nan,nan,0,0.0,0,30919,0,0,0,0
2025-12-05 03:15,2025-12-05,6.244719520516631,nan,nan,nan,nan,0,0.0,0,31298,0,0,0,0
2025-12-05 03:16,2025-12-05,6.200213836258348,nan,nan,nan,nan,0,0.0,0,31673,0,0,0,0
2025-12-05 03:17,2025-12-05,6.2891960792147055,nan,nan,nan,nan,0,0.0,0,32052,0,0,0,0
2025-12-05 03:18,2025-12-05,6.155852855638838,nan,nan,nan,nan,0,0.0,0,32426,0,0,0,0
2025-12-05 03:19,2025-12-05,6.177923962556657,nan,nan,nan,nan,0,0.0,0,32802,0,0,0,0
2025-12-05 03:20,2025-12-05,6.222518534541403,nan,nan,nan,nan,0,0.0,0,33181,0,0,0,0
2025-12-05 03:21,2025-12-05,6.244714096639302,nan,nan,nan,nan,0,0.0,0,33560,0,0,0,0
2025-12-05 03:22,2025-12-05,6.244623231187242,nan,nan,nan,nan,0,0.0,0,33937,0,0,0,0
2025-12-05 03:23,2025-12-05,6.222334832767196,nan,nan,nan,nan,0,0.0,0,34312,0,0,0,0
2025-12-05 03:24,2025-12-05,6.289182732654081,nan,nan,nan,nan,0,0.0,0,34690,0,0,0,0
2025-12-05 03:25,2025-12-05,6.244721500676731,nan,nan,nan,nan,0,0.0,0,35068,0,0,0,0
2025-12-05 03:26,2025-12-05,6.244800026712991,nan,nan,nan,nan,0,0.0,0,35446,0,0,0,0
2025-12-05 03:27,2025-12-05,6.178014332785226,nan,nan,nan,nan,0,0.0,0,35820,0,0,0,0
2025-12-05 03:28,2025-12-05,6.244747673175675,nan,nan,nan,nan,0,0.0,0,36198,0,0,0,0
2025-12-05 03:29,2025-12-05,6.200196551133431,nan,nan,nan,nan,0,0.0,0,36573,0,0,0,0
2025-12-05 03:30,2025-12-05,6.177884944318663,nan,nan,nan,nan,0,0.0,0,36947,0,0,0,0
2025-12-05 03:31,2025-12-05,6.2446716164616305,nan,nan,nan,nan,0,0.0,0,37324,0,0,0,0
2025-12-05 03:32,2025-12-05,6.222507669290305,nan,nan,nan,nan,0,0.0,0,37700,0,0,0,0
2025-12-05 03:33,2025-12-05,6.177896794107144,nan,nan,nan,nan,0,0.0,0,38075,0,0,0,0
2025-12-05 03:34,2025-12-05,6.200206428313162,nan,nan,nan,nan,0,0.0,0,38451,0,0,0,0
2025-12-05 03:35,2025-12-05,6.222416305877142,nan,nan,nan,nan,0,0.0,0,38825,0,0,0,0
2025-12-05 03:36,2025-12-05,6.200319033307656,nan,nan,nan,nan,0,0.0,0,39198,0,0,0,0
2025-12-05 03:37,2025-12-05,6.222405438935803,nan,nan,nan,nan,0,0.0,0,39575,0,0,0,0
2025-12-05 03:38,2025-12-05,6.1781758304109085,nan,nan,nan,nan,0,0.0,0,39949,0,0,0,0
2025-12-05 03:39,2025-12-05,6.200311136530168,nan,nan,nan,nan,0,0.0,0,40325,0,0,0,0
2025-12-05 03:40,2025-12-05,6.222472110003294,nan,nan,nan,nan,0,0.0,0,40700,0,0,0,0
2025-12-05 03:41,2025-12-05,6.24464247674109,nan,nan,nan,nan,0,0.0,0,41075,0,0,0,0
2025-12-05 03:42,2025-12-05,6.222444456143189,nan,nan,nan,nan,0,0.0,0,41451,0,0,0,0
2025-12-05 03:43,2025-12-05,6.244655324236452,nan,nan,nan,nan,0,0.0,0,41825,0,0,0,0
2025-12-05 03:44,2025-12-05,6.222398536285092,nan,nan,nan,nan,0,0.0,0,42201,0,0,0,0
2025-12-05 03:45,2025-12-05,6.200255320812692,nan,nan,nan,nan,0,0.0,0,42576,0,0,0,0
2025-12-05 03:46,2025-12-05,6.222385691007035,nan,nan,nan,nan,0,0.0,0,42953,0,0,0,0
2025-12-05 03:47,2025-12-05,6.177865199878471,nan,nan,nan,nan,0,0.0,0,43326,0,0,0,0
2025-12-05 03:48,2025-12-05,6.222429146327124,nan,nan,nan,nan,0,0.0,0,43703,0,0,0,0
2025-12-05 03:49,2025-12-05,6.244696801130823,nan,nan,nan,nan,0,0.0,0,44079,0,0,0,0
2025-12-05 03:50,2025-12-05,6.222388649229349,nan,nan,nan,nan,0,0.0,0,44453,0,0,0,0
2025-12-05 03:51,2025-12-05,6.266873096823669,nan,nan,nan,nan,0,0.0,0,44829,0,0,0,0
2025-12-05 03:52,2025-12-05,6.200213342705551,nan,nan,nan,nan,0,0.0,0,45204,0,0,0,0
2025-12-05 03:53,2025-12-05,6.266832599177268,nan,nan,nan,nan,0,0.0,0,45583,0,0,0,0
2025-12-05 03:54,2025-12-05,6.222353091391187,nan,nan,nan,nan,0,0.0,0,45957,0,0,0,0
2025-12-05 03:55,2025-12-05,6.222421737284437,nan,nan,nan,nan,0,0.0,0,46333,0,0,0,0
2025-12-05 03:56,2025-12-05,6.200177290590153,nan,nan,nan,nan,0,0.0,0,46707,0,0,0,0
2025-12-05 03:57,2025-12-05,6.244549138502134,nan,nan,nan,nan,0,0.0,0,47085,0,0,0,0
2025-12-05 03:58,2025-12-05,6.222423726531863,nan,nan,nan,nan,0,0.0,0,47459,0,0,0,0
2025-12-05 03:59,2025-12-05,6.266856798321384,nan,nan,nan,nan,0,0.0,0,47836,0,0,0,0
2025-12-05 04:00,2025-12-05,6.200301754022866,nan,nan,nan,nan,0,0.0,0,48210,0,0,0,0
2025-12-05 04:01,2025-12-05,6.222434082996308,nan,nan,nan,nan,0,0.0,0,48587,0,0,0,0
2025-12-05 04:02,2025-12-05,6.222461245278978,nan,nan,nan,nan,0,0.0,0,48962,0,0,0,0
2025-12-05 04:03,2025-12-05,6.200288409482246,nan,nan,nan,nan,0,0.0,0,49338,0,0,0,0
2025-12-05 04:04,2025-12-05,6.222497791100826,nan,nan,nan,nan,0,0.0,0,49714,0,0,0,0
2025-12-05 04:05,2025-12-05,6.155726925487186,nan,nan,nan,nan,0,0.0,0,50089,0,0,0,0
2025-12-05 04:06,2025-12-05,6.222397540686343,nan,nan,nan,nan,0,0.0,0,50465,0,0,0,0
2025-12-05 04:07,2025-12-05,6.244701741070663,nan,nan,nan,nan,0,0.0,0,50843,0,0,0,0
2025-12-05 04:08,2025-12-05,6.133543221344826,nan,nan,nan,nan,0,0.0,0,51216,0,0,0,0
2025-12-05 04:09,2025-12-05,6.222489888615105,nan,nan,nan,nan,0,0.0,0,51591,0,0,0,0
2025-12-05 04:10,2025-12-05,6.155691857997543,nan,nan,nan,nan,0,0.0,0,51964,0,0,0,0
2025-12-05 04:11,2025-12-05,6.244615809437919,nan,nan,nan,nan,0,0.0,0,52340,0,0,0,0
2025-12-05 04:12,2025-12-05,6.244652355874426,nan,nan,nan,nan,0,0.0,0,52718,0,0,0,0
2025-12-05 04:13,2025-12-05,6.200292361482447,nan,nan,nan,nan,0,0.0,0,53093,0,0,0,0
2025-12-05 04:14,2025-12-05,6.2224113654324436,nan,nan,nan,nan,0,0.0,0,53469,0,0,0,0
2025-12-05 04:15,2025-12-05,6.177995577078978,nan,nan,nan,nan,0,0.0,0,53844,0,0,0,0
2025-12-05 04:16,2025-12-05,6.2225313767475905,nan,nan,nan,nan,0,0.0,0,54220,0,0,0,0
2025-12-05 04:17,2025-12-05,6.222307680556017,nan,nan,nan,nan,0,0.0,0,54595,0,0,0,0
2025-12-05 04:18,2025-12-05,6.222448898645172,nan,nan,nan,nan,0,0.0,0,54972,0,0,0,0
2025-12-05 04:19,2025-12-05,6.222333342189293,nan,nan,nan,nan,0,0.0,0,55348,0,0,0,0
2025-12-05 04:20,2025-12-05,6.222303723400874,nan,nan,nan,nan,0,0.0,0,55723,0,0,0,0
2025-12-05 04:21,2025-12-05,6.2002410004287976,nan,nan,nan,nan,0,0.0,0,56099,0,0,0,0
2025-12-05 04:22,2025-12-05,6.2224548270077,nan,nan,nan,nan,0,0.0,0,56474,0,0,0,0
2025-12-05 04:23,2025-12-05,6.200112607231235,nan,nan,nan,nan,0,0.0,0,56850,0,0,0,0
2025-12-05 04:24,2025-12-05,6.266950137504175,nan,nan,nan,nan,0,0.0,0,57227,0,0,0,0
2025-12-05 04:25,2025-12-05,6.266885935407917,nan,nan,nan,nan,0,0.0,0,57605,0,0,0,0
2025-12-05 04:26,2025-12-05,6.266889886244636,nan,nan,nan,nan,0,0.0,0,57982,0,0,0,0
2025-12-05 04:27,2025-12-05,6.244719027710034,nan,nan,nan,nan,0,0.0,0,58359,0,0,0,0
2025-12-05 04:28,2025-12-05,6.266945692587813,nan,nan,nan,nan,0,0.0,0,58736,0,0,0,0
2025-12-05 04:29,2025-12-05,6.200332858119052,nan,nan,nan,nan,0,0.0,0,59112,0,0,0,0
2025-12-05 04:30,2025-12-05,6.20015111613736,nan,nan,nan,nan,0,0.0,0,59489,0,0,0,0
2025-12-05 04:31,2025-12-05,6.178030628587646,nan,nan,nan,nan,0,0.0,0,59863,0,0,0,0
2025-12-05 04:32,2025-12-05,6.222573363635996,nan,nan,nan,nan,0,0.0,0,60240,0,0,0,0
2025-12-05 04:33,2025-12-05,6.200292369495844,nan,nan,nan,nan,0,0.0,0,60615,0,0,0,0
2025-12-05 04:34,2025-12-05,6.244630149007919,nan,nan,nan,nan,0,0.0,0,60994,0,0,0,0
2025-12-05 04:35,2025-12-05,6.2000824874715015,nan,nan,nan,nan,0,0.0,0,61368,0,0,0,0
2025-12-05 04:36,2025-12-05,6.178015320044557,nan,nan,nan,nan,0,0.0,0,61744,0,0,0,0
2025-12-05 04:37,2025-12-05,6.200185194919299,nan,nan,nan,nan,0,0.0,0,62121,0,0,0,0
2025-12-05 04:38,2025-12-05,6.266697789859411,nan,nan,nan,nan,0,0.0,0,62497,0,0,0,0
2025-12-05 04:39,2025-12-05,6.266774330074117,nan,nan,nan,nan,0,0.0,0,62874,0,0,0,0
2025-12-05 04:40,2025-12-05,6.267026196369382,nan,nan,nan,nan,0,0.0,0,63251,0,0,0,0
2025-12-05 04:41,2025-12-05,6.200393606575234,nan,nan,nan,nan,0,0.0,0,63627,0,0,0,0
2025-12-05 04:42,2025-12-05,6.222414334979737,nan,nan,nan,nan,0,0.0,0,64003,0,0,0,0
2025-12-05 04:43,2025-12-05,6.2225318806381384,nan,nan,nan,nan,0,0.0,0,64379,0,0,0,0
2025-12-05 04:44,2025-12-05,6.244751127057112,nan,nan,nan,nan,0,0.0,0,64755,0,0,0,0
2025-12-05 04:45,2025-12-05,6.15594422302505,nan,nan,nan,nan,0,0.0,0,65127,0,0,0,0
2025-12-05 04:46,2025-12-05,6.222411378337537,nan,nan,nan,nan,0,0.0,0,65504,0,0,0,0
2025-12-05 04:47,2025-12-05,6.222621759860429,nan,nan,nan,nan,0,0.0,0,65881,0,0,0,0
2025-12-05 04:48,2025-12-05,6.244875591652517,nan,nan,nan,nan,0,0.0,0,66257,0,0,0,0
2025-12-05 04:49,2025-12-05,6.178032110936151,nan,nan,nan,nan,0,0.0,0,66633,0,0,0,0
2025-12-05 04:50,2025-12-05,6.222439530732068,nan,nan,nan,nan,0,0.0,0,67009,0,0,0,0
2025-12-05 04:51,2025-12-05,6.244712121176226,nan,nan,nan,nan,0,0.0,0,67387,0,0,0,0
2025-12-05 04:52,2025-12-05,6.2225239732589035,nan,nan,nan,nan,0,0.0,0,67763,0,0,0,0
2025-12-05 04:53,2025-12-05,6.222520015770442,nan,nan,nan,nan,0,0.0,0,68139,0,0,0,0
2025-12-05 04:54,2025-12-05,6.222511136406812,nan,nan,nan,nan,0,0.0,0,68516,0,0,0,0
2025-12-05 04:55,2025-12-05,6.2225654523689125,nan,nan,nan,nan,0,0.0,0,68891,0,0,0,0
2025-12-05 04:56,2025-12-05,6.266933840143354,nan,nan,nan,nan,0,0.0,0,69271,0,0,0,0
2025-12-05 04:57,2025-12-05,6.222348645750469,nan,nan,nan,nan,0,0.0,0,69647,0,0,0,0
2025-12-05 04:58,2025-12-05,6.245371507964542,nan,nan,nan,nan,0,0.0,0,70022,0,0,0,0
2025-12-05 04:59,2025-12-05,6.200068663318172,nan,nan,nan,nan,0,0.0,0,70396,0,0,0,0
2025-12-05 05:00,2025-12-05,6.200326438574569,nan,nan,nan,nan,0,0.0,0,70770,0,0,0,0
2025-12-05 05:01,2025-12-05,6.266869639078525,nan,nan,nan,nan,0,0.0,0,71150,0,0,0,0
2025-12-05 05:02,2025-12-05,6.200206922173246,nan,nan,nan,nan,0,0.0,0,71524,0,0,0,0
2025-12-05 05:03,2025-12-05,6.222525448999682,nan,nan,nan,nan,0,0.0,0,71901,0,0,0,0
2025-12-05 05:04,2025-12-05,6.289220760297555,nan,nan,nan,nan,0,0.0,0,72278,0,0,0,0
2025-12-05 05:05,2025-12-05,6.222469152286066,nan,nan,nan,nan,0,0.0,0,72653,0,0,0,0
2025-12-05 05:06,2025-12-05,6.200270139402724,nan,nan,nan,nan,0,0.0,0,73028,0,0,0,0
2025-12-05 05:07,2025-12-05,6.222525942398785,nan,nan,nan,nan,0,0.0,0,73403,0,0,0,0
2025-12-05 05:08,2025-12-05,6.222474580291538,nan,nan,nan,nan,0,0.0,0,73779,0,0,0,0
2025-12-05 05:09,2025-12-05,6.200182229871401,nan,nan,nan,nan,0,0.0,0,74155,0,0,0,0
2025-12-05 05:10,2025-12-05,6.266909640230959,nan,nan,nan,nan,0,0.0,0,74535,0,0,0,0
2025-12-05 05:11,2025-12-05,6.2002054409661325,nan,nan,nan,nan,0,0.0,0,74911,0,0,0,0
2025-12-05 05:12,2025-12-05,6.200188649372087,nan,nan,nan,nan,0,0.0,0,75288,0,0,0,0
2025-12-05 05:13,2025-12-05,6.244659761844031,nan,nan,nan,nan,0,0.0,0,75667,0,0,0,0
2025-12-05 05:14,2025-12-05,6.2446795177839585,nan,nan,nan,nan,0,0.0,0,76043,0,0,0,0
2025-12-05 05:15,2025-12-05,6.13356593577,nan,nan,nan,nan,0,0.0,0,76416,0,0,0,0
2025-12-05 05:16,2025-12-05,6.200217788258523,nan,nan,nan,nan,0,0.0,0,76793,0,0,0,0
2025-12-05 05:17,2025-12-05,6.2447990341632975,nan,nan,nan,nan,0,0.0,0,77170,0,0,0,0
2025-12-05 05:18,2025-12-05,6.266941261502492,nan,nan,nan,nan,0,0.0,0,77548,0,0,0,0
2025-12-05 05:19,2025-12-05,6.20021235426103,nan,nan,nan,nan,0,0.0,0,77923,0,0,0,0
2025-12-05 05:20,2025-12-05,6.266990651001507,nan,nan,nan,nan,0,0.0,0,78301,0,0,0,0
2025-12-05 05:21,2025-12-05,6.244669639440826,nan,nan,nan,nan,0,0.0,0,78679,0,0,0,0
2025-12-05 05:22,2025-12-05,6.2450138845496825,nan,nan,nan,nan,0,0.0,0,79054,0,0,0,0
2025-12-05 05:23,2025-12-05,6.289120517126103,nan,nan,nan,nan,0,0.0,0,79434,0,0,0,0
2025-12-05 05:24,2025-12-05,6.2223012366749595,nan,nan,nan,nan,0,0.0,0,79812,0,0,0,0
2025-12-05 05:25,2025-12-05,6.15570025249958,nan,nan,nan,nan,0,0.0,0,80187,0,0,0,0
2025-12-05 05:26,2025-12-05,6.266629167380829,nan,nan,nan,nan,0,0.0,0,80565,0,0,0,0
2025-12-05 05:27,2025-12-05,6.200089900838359,nan,nan,nan,nan,0,0.0,0,80940,0,0,0,0
2025-12-05 05:28,2025-12-05,6.177971859676637,nan,nan,nan,nan,0,0.0,0,81316,0,0,0,0
2025-12-05 05:29,2025-12-05,6.1779303761319575,nan,nan,nan,nan,0,0.0,0,81692,0,0,0,0
2025-12-05 05:30,2025-12-05,6.2446647020472925,nan,nan,nan,nan,0,0.0,0,82068,0,0,0,0
2025-12-05 05:31,2025-12-05,6.222399020795929,nan,nan,nan,nan,0,0.0,0,82446,0,0,0,0
2025-12-05 05:32,2025-12-05,6.2223728445214475,nan,nan,nan,nan,0,0.0,0,82821,0,0,0,0
2025-12-05 05:33,2025-12-05,6.222407907819186,nan,nan,nan,nan,0,0.0,0,83197,0,0,0,0
2025-12-05 05:34,2025-12-05,6.20011802788487,nan,nan,nan,nan,0,0.0,0,83572,0,0,0,0
2025-12-05 05:35,2025-12-05,6.266898282897804,nan,nan,nan,nan,0,0.0,0,83950,0,0,0,0
2025-12-05 05:36,2025-12-05,6.28905087504087,nan,nan,nan,nan,0,0.0,0,84329,0,0,0,0
2025-12-05 05:37,2025-12-05,6.1778602700331735,nan,nan,nan,nan,0,0.0,0,84704,0,0,0,0
2025-12-05 05:38,2025-12-05,6.200138792899543,nan,nan,nan,nan,0,0.0,0,85080,0,0,0,0
2025-12-05 05:39,2025-12-05,6.200126919254027,nan,nan,nan,nan,0,0.0,0,85456,0,0,0,0
2025-12-05 05:40,2025-12-05,6.2224024781896645,nan,nan,nan,nan,0,0.0,0,85832,0,0,0,0
2025-12-05 05:41,2025-12-05,6.222441988752278,nan,nan,nan,nan,0,0.0,0,86208,0,0,0,0
2025-12-05 05:42,2025-12-05,6.266848401339059,nan,nan,nan,nan,0,0.0,0,86585,0,0,0,0
2025-12-05 05:43,2025-12-05,6.289130874711064,nan,nan,nan,nan,0,0.0,0,86962,0,0,0,0
2025-12-05 05:44,2025-12-05,6.15568889277379,nan,nan,nan,nan,0,0.0,0,87335,0,0,0,0
2025-12-05 05:45,2025-12-05,6.222486926486289,nan,nan,nan,nan,0,0.0,0,87712,0,0,0,0
2025-12-05 05:46,2025-12-05,6.244562472680504,nan,nan,nan,nan,0,0.0,0,88088,0,0,0,0
2025-12-05 05:47,2025-12-05,6.2001940860697,nan,nan,nan,nan,0,0.0,0,88464,0,0,0,0
2025-12-05 05:48,2025-12-05,6.222432108455957,nan,nan,nan,nan,0,0.0,0,88838,0,0,0,0
2025-12-05 05:49,2025-12-05,6.222420748752091,nan,nan,nan,nan,0,0.0,0,89213,0,0,0,0
2025-12-05 05:50,2025-12-05,6.222440996466764,nan,nan,nan,nan,0,0.0,0,89589,0,0,0,0
2025-12-05 05:51,2025-12-05,6.200316071639897,nan,nan,nan,nan,0,0.0,0,89964,0,0,0,0
2025-12-05 05:52,2025-12-05,6.266853833821933,nan,nan,nan,nan,0,0.0,0,90342,0,0,0,0
2025-12-05 05:53,2025-12-05,6.222390139280848,nan,nan,nan,nan,0,0.0,0,90717,0,0,0,0
2025-12-05 05:54,2025-12-05,6.244663713295372,nan,nan,nan,nan,0,0.0,0,91093,0,0,0,0
2025-12-05 05:55,2025-12-05,6.266759518112193,nan,nan,nan,nan,0,0.0,0,91472,0,0,0,0
2025-12-05 05:56,2025-12-05,6.222384203259481,nan,nan,nan,nan,0,0.0,0,91846,0,0,0,0
2025-12-05 05:57,2025-12-05,6.244631121975976,nan,nan,nan,nan,0,0.0,0,92222,0,0,0,0
2025-12-05 05:58,2025-12-05,6.244658280263779,nan,nan,nan,nan,0,0.0,0,92598,0,0,0,0
2025-12-05 05:59,2025-12-05,6.244626674315868,nan,nan,nan,nan,0,0.0,0,92974,0,0,0,0
2025-12-05 06:00,2025-12-05,6.200233095835788,nan,nan,nan,nan,0,0.0,0,93349,0,0,0,0
2025-12-05 06:01,2025-12-05,6.17797778538305,nan,nan,nan,nan,0,0.0,0,93725,0,0,0,0
2025-12-05 06:02,2025-12-05,6.200241985668513,nan,nan,nan,nan,0,0.0,0,94101,0,0,0,0
2025-12-05 06:03,2025-12-05,6.222427168581993,nan,nan,nan,nan,0,0.0,0,94475,0,0,0,0
2025-12-05 06:04,2025-12-05,6.20012052597636,nan,nan,nan,nan,0,0.0,0,94851,0,0,0,0
2025-12-05 06:05,2025-12-05,6.200212358607022,nan,nan,nan,nan,0,0.0,0,95225,0,0,0,0
2025-12-05 06:06,2025-12-05,6.266721487264633,nan,nan,nan,nan,0,0.0,0,95602,0,0,0,0
2025-12-05 06:07,2025-12-05,6.2446963085658735,nan,nan,nan,nan,0,0.0,0,95977,0,0,0,0
2025-12-05 06:08,2025-12-05,6.2889615030000545,nan,nan,nan,nan,0,0.0,0,96355,0,0,0,0
2025-12-05 06:09,2025-12-05,6.266903714063607,nan,nan,nan,nan,0,0.0,0,96732,0,0,0,0
2025-12-05 06:10,2025-12-05,6.178059274294472,nan,nan,nan,nan,0,0.0,0,97107,0,0,0,0
2025-12-05 06:11,2025-12-05,6.222351613256706,nan,nan,nan,nan,0,0.0,0,97485,0,0,0,0
2025-12-05 06:12,2025-12-05,6.200188649350138,nan,nan,nan,nan,0,0.0,0,97859,0,0,0,0
2025-12-05 06:13,2025-12-05,6.2669180369718545,nan,nan,nan,nan,0,0.0,0,98237,0,0,0,0
2025-12-05 06:14,2025-12-05,6.177984699051063,nan,nan,nan,nan,0,0.0,0,98612,0,0,0,0
2025-12-05 06:15,2025-12-05,6.289094825602893,nan,nan,nan,nan,0,0.0,0,98990,0,0,0,0
2025-12-05 06:16,2025-12-05,6.200185193888067,nan,nan,nan,nan,0,0.0,0,99365,0,0,0,0
2025-12-05 06:17,2025-12-05,6.266881984417467,nan,nan,nan,nan,0,0.0,0,99742,0,0,0,0
2025-12-05 06:18,2025-12-05,6.222447911232316,nan,nan,nan,nan,0,0.0,0,100115,0,0,0,0
2025-12-05 06:19,2025-12-05,6.1561847569452475,nan,nan,nan,nan,0,0.0,0,100489,0,0,0,0
2025-12-05 06:20,2025-12-05,6.222902300948008,nan,nan,nan,nan,0,0.0,0,100867,0,0,0,0
2025-12-05 06:21,2025-12-05,6.200702310728788,nan,nan,nan,nan,0,0.0,0,101243,0,0,0,0
2025-12-05 06:22,2025-12-05,6.222994676824551,nan,nan,nan,nan,0,0.0,0,101619,0,0,0,0
2025-12-05 06:23,2025-12-05,6.289508708452345,nan,nan,nan,nan,0,0.0,0,101996,0,0,0,0
2025-12-05 06:24,2025-12-05,6.245097358934293,nan,nan,nan,nan,0,0.0,0,102373,0,0,0,0
2025-12-05 06:25,2025-12-05,6.17821583944407,nan,nan,nan,nan,0,0.0,0,102747,0,0,0,0
2025-12-05 06:26,2025-12-05,6.200455347493635,nan,nan,nan,nan,0,0.0,0,103123,0,0,0,0
2025-12-05 06:27,2025-12-05,6.244730888538468,nan,nan,nan,nan,0,0.0,0,103500,0,0,0,0
2025-12-05 06:28,2025-12-05,6.244676556708895,nan,nan,nan,nan,0,0.0,0,103875,0,0,0,0
2025-12-05 06:29,2025-12-05,6.178317580240683,nan,nan,nan,nan,0,0.0,0,104249,0,0,0,0
2025-12-05 06:30,2025-12-05,6.244765944835243,nan,nan,nan,nan,0,0.0,0,104626,0,0,0,0
2025-12-05 06:31,2025-12-05,6.244868678335823,nan,nan,nan,nan,0,0.0,0,105001,0,0,0,0
2025-12-05 06:32,2025-12-05,6.267068672046557,nan,nan,nan,nan,0,0.0,0,105377,0,0,0,0
2025-12-05 06:33,2025-12-05,6.222628677829944,nan,nan,nan,nan,0,0.0,0,105751,0,0,0,0
2025-12-05 06:34,2025-12-05,6.200219279013253,nan,nan,nan,nan,0,0.0,0,106126,0,0,0,0
2025-12-05 06:35,2025-12-05,6.200406448627742,nan,nan,nan,nan,0,0.0,0,106501,0,0,0,0
2025-12-05 06:36,2025-12-05,6.222510144999995,nan,nan,nan,nan,0,0.0,0,106877,0,0,0,0
2025-12-05 06:37,2025-12-05,6.222497797707223,nan,nan,nan,nan,0,0.0,0,107252,0,0,0,0
2025-12-05 06:38,2025-12-05,6.222448900686611,nan,nan,nan,nan,0,0.0,0,107627,0,0,0,0
2025-12-05 06:39,2025-12-05,6.2669130991613065,nan,nan,nan,nan,0,0.0,0,108005,0,0,0,0
2025-12-05 06:40,2025-12-05,6.244660256055304,nan,nan,nan,nan,0,0.0,0,108381,0,0,0,0
2025-12-05 06:41,2025-12-05,6.2668439618222775,nan,nan,nan,nan,0,0.0,0,108760,0,0,0,0
2025-12-05 06:42,2025-12-05,6.244702233833206,nan,nan,nan,nan,0,0.0,0,109137,0,0,0,0
2025-12-05 06:43,2025-12-05,6.267055337868382,nan,nan,nan,nan,0,0.0,0,109513,0,0,0,0
2025-12-05 06:44,2025-12-05,6.266930878321942,nan,nan,nan,nan,0,0.0,0,109889,0,0,0,0
2025-12-05 06:45,2025-12-05,6.24465087313077,nan,nan,nan,nan,0,0.0,0,110266,0,0,0,0
2025-12-05 06:46,2025-12-05,6.244731866996793,nan,nan,nan,nan,0,0.0,0,110642,0,0,0,0
2025-12-05 06:47,2025-12-05,6.222549652270823,nan,nan,nan,nan,0,0.0,0,111017,0,0,0,0
2025-12-05 06:48,2025-12-05,6.200263222969198,nan,nan,nan,nan,0,0.0,0,111392,0,0,0,0
2025-12-05 06:49,2025-12-05,6.222561010108736,nan,nan,nan,nan,0,0.0,0,111767,0,0,0,0
2025-12-05 06:50,2025-12-05,6.222547183475331,nan,nan,nan,nan,0,0.0,0,112143,0,0,0,0
2025-12-05 06:51,2025-12-05,6.266920014014659,nan,nan,nan,nan,0,0.0,0,112520,0,0,0,0
2025-12-05 06:52,2025-12-05,6.267039537089673,nan,nan,nan,nan,0,0.0,0,112898,0,0,0,0
2025-12-05 06:53,2025-12-05,6.200432133215658,nan,nan,nan,nan,0,0.0,0,113271,0,0,0,0
2025-12-05 06:54,2025-12-05,6.244831137637126,nan,nan,nan,nan,0,0.0,0,113647,0,0,0,0
