timestamp,date,request_rate,avg_latency_ms,error_rate,active_requests
2025-12-02_01-51-48,2025-12-02,0,0,0,0
2025-12-02_01-59-06,2025-12-02,0,0,0,0
2025-12-02 02:04:20,2025-12-02,0,0,0,0,0,0,0,0,0,0,0,0,0
2025-12-02 02:05:20,2025-12-02,0,0,0,0,0,0,0,0,0,0,0,0,0
2025-12-02 02:06:20,2025-12-02,0,0,0,0,0,0,0,0,0,0,0,0,0
2025-12-02 02:07:21,2025-12-02,0,0,0,0,0,0,0,0,0,0,0,0,0
2025-12-02 02:08:21,2025-12-02,0,0,0,0,0,0,0,0,0,0,0,0,0
2025-12-02 02:09:21,2025-12-02,0,0,0,0,0,0,0,0,0,0,0,0,0
2025-12-02 02:10:22,2025-12-02,0,0,0,0,0,0,0,0,0,0,0,0,0
2025-12-02 02:11:22,2025-12-02,0,0,0,0,0,0,0,0,0,0,0,0,0
2025-12-02 02:12:23,2025-12-02,0,0,0,0,0,0,0,0,0,0,0,0,0
2025-12-02 02:13:23,2025-12-02,0,0,0,0,0,0,0,0,0,0,0,0,0
2025-12-02 02:14:23,2025-12-02,0,0,0,0,0,0,0,0,0,0,0,0,0
2025-12-02 02:15:24,2025-12-02,0,0,0,0,0,0,0,0,0,0,0,0,0
2025-12-02 02:16:24,2025-12-02,0,0,0,0,0,0,0,0,0,0,0,0,0
2025-12-02 02:17:24,2025-12-02,0,0,0,0,0,0,0,0,0,0,0,0,0
2025-12-02 02:18:24,2025-12-02,0,0,0,0,0,0,0,0,0,0,0,0,0
2025-12-02 02:19:25,2025-12-02,0,0,0,0,0,0,0,0,0,0,0,0,0
2025-12-02 02:20:25,2025-12-02,0,0,0,0,0,0,0,0,0,0,0,0,0
2025-12-02 02:21:25,2025-12-02,0,0,0,0,0,0,0,0,0,0,0,0,0
2025-12-02 02:22:26,2025-12-02,0,0,0,0,0,0,0,0,0,0,0,0,0
2025-12-02 02:23:27,2025-12-02,0,0,0,0,0,0,0,0,0,0,0,0,0
2025-12-02 02:24:27,2025-12-02,0,0,0,0,0,0,0,0,0,0,0,0,0
2025-12-02 02:36:31,2025-12-02,0,0,0,0,0,0,0,0,0,0,0,0,0
2025-12-02 02:37:31,2025-12-02,0,0,0,0,0,0,0,0,0,0,0,0,0
2025-12-02 02:38:31,2025-12-02,0,0,0,0,0,0,0,0,0,0,0,0,0
2025-12-02 02:39:32,2025-12-02,0,0,0,0,0,0,0,0,0,0,0,0,0
2025-12-02 02:40:32,2025-12-02,0,0,0,0,0,0,0,0,0,0,0,0,0
2025-12-02 02:41:32,2025-12-02,0,0,0,0,0,0,0,0,0,0,0,0,0
2025-12-02 02:42:33,2025-12-02,0,0,0,0,0,0,0,0,0,0,0,0,0
2025-12-02 02:43:33,2025-12-02,0,0,0,0,0,0,0,0,0,0,0,0,0
2025-12-05 02:16:46,0.3111249388861727,0.001007780857175281,0.0,0.0024445530912484874,85684224.0
2025-12-05 02:17:46,0.3111249388861727,0.0010552677143290826,0.0,0.002444553091248507,85684224.0
2025-12-05 02:19:47,0.3111525981241944,0.001200164642877358,0.0,0.0031115259812419366,85684224.0
2025-12-05 02:20:47,0.3111249388861727,0.0009959532143121968,0.0,0.0026667851904529113,85684224.0
2025-12-05 02:21:47,0.3111249388861727,0.0007191979999886046,0.0,0.0020000888928396786,85684224.0
2025-12-05 02:22:47,0.3111249388861727,0.0008069905714072385,0.0,0.0020000888928396786,85684224.0
2025-12-05 02:23:47,0.3111249388861727,0.0006159008571070704,0.0,0.001333392595226446,85684224.0
2025-12-05 02:24:47,0.3111387678904791,0.0005824812142561444,0.0,0.0013334518623877788,85684224.0
2025-12-05 02:25:47,0.3111249388861727,0.0006106477142761184,0.0,0.0015556246944308698,85684224.0
2025-12-05 02:26:47,0.3111249388861727,0.0006295986429125021,0.0,0.0017778567936352742,85684224.0
2025-12-05 02:27:47,0.3111249388861727,0.0006862842857507141,0.0,0.0022223209920441025,85684224.0
2025-12-05 02:28:47,0.3111249388861727,0.0006810731426867278,0.0,0.0017778567936352545,85684224.0
2025-12-05 02:29:48,0.3111249388861727,0.0008429195001034323,0.0,0.0026667851904529113,85684224.0
2025-12-05 02:30:48,0.3111318532346601,0.0006679801429072542,0.0,0.0017778963041980593,85684224.0
2025-12-05 02:31:48,0.3111249388861727,0.000697550071436126,0.0,0.001777856793635294,85684224.0
2025-12-05 02:32:48,0.3111249388861727,0.000820518500047131,0.0,0.002222320992044083,85684224.0
2025-12-05 02:33:48,0.3111249388861727,0.0006611602856797357,0.0,0.0017778567936352545,85684224.0
2025-12-05 02:34:48,0.3111318532346601,0.0006562672142860851,0.0,0.0013334222281485347,85684224.0
2025-12-05 02:35:48,0.3111318532346601,0.0006649251427981134,0.0,0.0013334222281485347,85684224.0
2025-12-05 02:36:48,0.31118026228050677,0.0007116868570652254,0.0,0.0022227161591464885,85946368.0
2025-12-05 02:37:48,0.3111318532346601,0.0007506606428770673,0.0,0.0017778963041980593,85946368.0
2025-12-05 02:38:49,0.3111249388861727,0.0007076060714358132,0.0,0.0017778567936352742,85946368.0
2025-12-05 02:39:49,0.3111318532346601,0.000671938785639473,0.0,0.001555659266173307,85946368.0
2025-12-05 02:40:49,0.3111318532346601,0.0006281959999796528,0.0,0.0013334222281485544,85946368.0
2025-12-05 02:41:49,0.3111318532346601,0.0007089226428433905,0.0,0.0017778963041980593,85946368.0
2025-12-05 02:42:49,0.3111249388861727,0.0006898517143067043,0.0,0.0013333925952264656,85946368.0
2025-12-05 02:43:49,0.3111249388861727,0.000666379428529191,0.0,0.0013333925952264656,85946368.0
2025-12-05 02:44:49,0.3111318532346601,0.0007211910714366761,0.0,0.0013334222281485544,85946368.0
2025-12-05 02:45:49,0.3111318532346601,0.0006704393571713549,0.0,0.0015556592661732675,85946368.0
2025-12-05 02:46:49,0.3111318532346601,0.0006399712142735682,0.0,0.001111185190123802,85946368.0
2025-12-05 02:47:50,0.3111249388861727,0.0006537162143039105,0.0,0.0017778567936352742,85946368.0
2025-12-05 02:48:50,0.3111249388861727,0.0007102930714089391,0.0,0.0017778567936352742,85946368.0
2025-12-05 02:49:50,0.3111318532346601,0.0006524224999598768,0.0,0.001333422228148515,85946368.0
2025-12-05 02:50:50,0.3111249388861727,0.000808405214229424,0.0,0.0024445530912484874,85946368.0
2025-12-05 02:51:50,0.3111180248449966,0.0007699535000743448,0.0,0.0017778172848285532,85946368.0
2025-12-05 02:52:50,0.3111249388861727,0.0006684499285906246,0.0,0.0017778567936352742,85946368.0
2025-12-05 02:53:50,0.3110834592480668,0.00073720835705769,0.0,0.0024442271798062274,85946368.0
2025-12-05 02:54:50,0.31111802484499657,0.000626395999980949,0.0,0.0015555901242249892,85946368.0
2025-12-05 02:55:50,0.31111802484499657,0.0006584187143354418,0.0,0.0017778172848285532,85946368.0
2025-12-05 02:56:51,0.31111111111111106,0.0006731862142389998,0.0,0.0013333333333333441,85946368.0
2025-12-05 02:57:51,0.31111802484499657,0.00060997942845071,0.0,0.0015555901242249497,85946368.0
2025-12-05 02:58:51,0.31111802484499657,0.000603717071498977,0.0,0.0022222716060357217,85946368.0
2025-12-05 02:59:51,0.3111249388861727,0.0007104991428345135,0.0,0.0013333925952264262,85946368.0
2025-12-05 03:00:51,0.3110627235763326,0.0007559461428822292,0.0,0.00199968893727646,86077440.0
2025-12-05 03:01:51,0.3111456828536504,0.0005999205000080109,0.0,0.0015557284142682583,86077440.0
2025-12-05 03:02:51,0.31111802484499657,0.0006920777142503149,0.0,0.0013333629636214249,86077440.0
2025-12-05 03:03:51,0.31111111111111106,0.0005546477857803569,0.0,0.0015555555555556012,86077440.0
2025-12-05 03:04:51,0.3111249388861727,0.0005433307142084232,0.0,0.0013333925952264262,86077440.0
2025-12-05 03:05:52,0.31109728456513047,0.00073321307133613,0.0,0.0015554864228256584,86077440.0
2025-12-05 03:06:52,0.3111249388861727,0.000625339499882622,0.0,0.0017778567936352742,86077440.0
2025-12-05 03:07:52,0.31111802484499657,0.0007808472143031914,0.0,0.0013333629636214249,86077440.0
2025-12-05 03:08:52,0.3111180248449966,0.0005751969997618288,0.0,0.0011111358030178211,86077440.0
2025-12-05 03:09:52,0.31111802484499657,0.000602510428637158,0.0,0.0013333629636213854,86077440.0
2025-12-05 03:10:53,0.3111249388861727,0.0005838780714709303,0.0,0.0015556246944308698,86077440.0
2025-12-05 03:11:53,0.3111318532346601,0.0005965990714815104,0.0,0.0013334222281485544,86077440.0
2025-12-05 03:12:53,0.3111249388861727,0.0005222041427259683,0.0,0.0011111604960220218,86077440.0
2025-12-05 03:13:53,0.31111802484499657,0.0005636660000943396,0.0,0.0013333629636213856,86077440.0
2025-12-05 03:14:53,0.31111802484499657,0.0006937600714991277,0.0,0.0017778172848285537,86077440.0
2025-12-05 03:15:53,0.3111318532346601,0.0007420450000119252,0.0,0.0017780543640121811,86077440.0
2025-12-05 03:16:53,0.28888888888888886,0.0005827009998448865,0.0,0.0015555555555555618,86077440.0
2025-12-05 03:17:53,0.2889017289657318,0.0005915703075935688,0.0,0.0013333925952264262,86077440.0
2025-12-05 03:18:53,0.28891457018401634,0.000602965077142961,0.0,0.0013334518623877394,86077440.0
2025-12-05 03:19:53,0.28890814943218446,0.0006413720769929708,0.0,0.001555659266173307,86863872.0
2025-12-05 03:20:53,0.28886321215891925,0.0006594351538856595,0.0,0.001999822238023284,86863872.0
2025-12-05 03:21:54,0.28890814943218435,0.0006326069229684295,0.0,0.0017778963041980198,86863872.0
2025-12-05 03:22:54,0.28890814943218435,0.0006104979231447661,0.0,0.0017778963041980198,86863872.0
2025-12-05 03:23:54,0.2889017289657318,0.0006870933078132042,0.0,0.0015556246944308304,86863872.0
2025-12-05 03:24:54,0.28888888888888886,0.0006210546153642308,0.0,0.0017777777777777792,86863872.0
2025-12-05 03:25:54,0.2889081494321844,0.0005912116153362708,0.0,0.0013334222281485544,86863872.0
2025-12-05 03:26:54,0.28888888888888886,0.0006664728459956957,0.0,0.0013333333333333047,86863872.0
2025-12-05 03:27:54,0.28888888888888886,0.0005572286923220068,0.0,0.0013333333333333047,86863872.0
2025-12-05 03:28:54,0.2889017289657318,0.0007060808459825169,0.0,0.0020000888928396786,86863872.0
2025-12-05 03:29:55,0.2889209912212468,0.0005464194614083121,0.0,0.0015557284142682188,86863872.0
2025-12-05 03:30:55,0.2888824692784605,0.0005975669229463584,0.0,0.0015555209884224462,86863872.0
2025-12-05 03:31:55,0.2889017289657318,0.0006169853846726115,0.0,0.0017778567936353137,86863872.0
2025-12-05 03:32:55,0.2889081494321844,0.0005865464614684102,0.0,0.001111185190123802,86863872.0
2025-12-05 03:33:55,0.28897879340239185,0.0006352476152292534,0.0,0.001778331036322413,86863872.0
2025-12-05 03:34:55,0.2889081494321844,0.0005536536153578289,0.0,0.0013334222281485544,86863872.0
2025-12-05 03:35:55,0.2889081494321844,0.0007123083844887263,0.0,0.001333422228148515,86863872.0
2025-12-05 03:36:55,0.2889081494321844,0.0005624484613760544,0.0,0.0015556592661732675,86863872.0
2025-12-05 03:37:55,0.2889081494321844,0.000535837076873017,0.0,0.0011111851901237624,86863872.0
2025-12-05 03:38:56,0.28891457018401634,0.0005794010768603095,0.0,0.0013334518623877394,86863872.0
2025-12-05 03:39:56,0.28891457018401634,0.0006171856925553024,0.0,0.0011112098853231162,86863872.0
2025-12-05 03:40:56,0.28891457018401634,0.0006329293845947876,0.0,0.0013334518623877788,86863872.0
2025-12-05 03:41:56,0.2889081494321844,0.0005778714614559878,0.0,0.0013334222281485542,86994944.0
2025-12-05 03:42:56,0.2888760499533354,0.0005872559229548923,0.0,0.0011110617305897673,86994944.0
2025-12-05 03:43:56,0.28891457018401634,0.0005588518461781159,0.0,0.0013334518623877788,86994944.0
2025-12-05 03:44:56,0.2889081494321844,0.0006906704613636695,0.0,0.0011111851901237624,86994944.0
2025-12-05 03:45:56,0.2889017289657318,0.0006361653846537452,0.0,0.0015556246944308304,86994944.0
2025-12-05 03:46:57,0.2889081494321844,0.0005827452308109899,0.0,0.001555659266173307,86994944.0
2025-12-05 03:47:57,0.2889081494321844,0.0005933275385989243,0.0,0.001555659266173307,86994944.0
2025-12-05 03:48:57,0.28891457018401634,0.0006298650770566802,0.0,0.0013334518623877394,86994944.0
2025-12-05 03:49:57,0.2889017289657318,0.0006355252307912451,0.0,0.0011111604960220218,86994944.0
2025-12-05 03:50:57,0.2889081494321844,0.0005921363845118321,0.0,0.0017778963041980593,86994944.0
2025-12-05 03:51:57,0.2889402560455192,0.0007420872309292183,0.0,0.0022226173541962935,86994944.0
2025-12-05 03:52:57,0.288953100689042,0.0006750433077776018,0.0,0.0024449877750611117,86994944.0
2025-12-05 03:53:57,0.28891457018401634,0.000656396076710035,0.0,0.002222419770646272,86994944.0
2025-12-05 03:54:57,0.28891457018401634,0.0006530462308616664,0.0,0.0017779358165170252,86994944.0
2025-12-05 03:55:58,0.2889659464746155,0.0005745216924949021,0.0,0.001333688983728966,86994944.0
2025-12-05 03:56:58,0.2889081494321844,0.0006228720000693171,0.0,0.002000133342222812,86994944.0
2025-12-05 03:57:58,0.2889402560455192,0.0005855087693607156,0.0,0.0017780938833570428,86994944.0
2025-12-05 03:58:58,0.2889081494321844,0.000623049307740495,0.0,0.001111185190123802,86994944.0
2025-12-05 03:59:58,0.2889017289657318,0.00062128638476749,0.0,0.0013333925952264262,86994944.0
2025-12-05 04:00:58,0.28892741254389476,0.0006312756920054269,0.0,0.001333511134817987,86994944.0
2025-12-05 04:01:58,0.2889081494321844,0.0007619564618065711,0.0,0.0017778963041980593,86994944.0
2025-12-05 04:02:58,0.2889017289657318,0.0006494353847301682,0.0,0.001333392595226505,86994944.0
2025-12-05 04:03:59,0.2889081494321844,0.0007441233075531692,0.0,0.0017778963041980593,86994944.0
2025-12-05 04:04:59,0.28891457018401634,0.0005752833844431174,0.0,0.0013334518623877394,86994944.0
2025-12-05 04:05:59,0.2889081494321844,0.0006379303847727267,0.0,0.0017778963041980198,86994944.0
2025-12-05 04:06:59,0.2889081494321844,0.0007213766153794355,0.0,0.002000133342222812,87126016.0
2025-12-05 04:07:59,0.28891457018401634,0.0005616139229599726,0.0,0.0011112098853231557,87126016.0
2025-12-05 04:08:59,0.2889081494321844,0.0005632742308639885,0.0,0.001111185190123723,87126016.0
2025-12-05 04:09:59,0.2889081494321844,0.0005827387691309783,0.0,0.0015556592661733859,87126016.0
2025-12-05 04:10:59,0.2889081494321844,0.0006349091535622182,0.0,0.0013334222281485939,87126016.0
2025-12-05 04:12:00,0.2889081494321844,0.0006597194610199389,0.0,0.0017778963041980198,87126016.0
2025-12-05 04:13:00,0.2889081494321844,0.0006060494614268044,0.0,0.001333422228148515,87126016.0
2025-12-05 04:14:00,0.28891457018401634,0.0005727166920293642,0.0,0.0013334518623877394,87126016.0
2025-12-05 04:15:00,0.28885679368959,0.0005611246926071964,0.0,0.0019997778024663892,87126016.0
2025-12-05 04:16:00,0.2889081494321844,0.0007266983844042093,0.0,0.002222370380247604,87126016.0
2025-12-05 04:17:00,0.2889081494321844,0.0005629433846759358,0.0,0.001111185190123802,87126016.0
2025-12-05 04:18:00,0.2889017289657318,0.0005803099228125156,0.0,0.0011111604960220612,87126016.0
2025-12-05 04:19:00,0.2889081494321844,0.0006546334612861616,0.0,0.001333422228148515,87126016.0
2025-12-05 04:20:00,0.28891457018401634,0.0006656103075958807,0.0,0.001555693839452402,87126016.0
2025-12-05 04:21:00,0.2889209912212468,0.0006189797692898607,0.0,0.0015557284142682583,87126016.0
2025-12-05 04:22:01,0.2889081494321844,0.0005775008462828386,0.0,0.0013334222281485939,87126016.0
2025-12-05 04:23:01,0.28888888888888886,0.000585597846181302,0.0,0.0015555555555555618,87126016.0
2025-12-05 04:24:01,0.2889017289657318,0.0006823043845193193,0.0,0.0017778567936353137,87126016.0
2025-12-05 04:25:01,0.2889081494321844,0.0006672907692028765,0.0,0.0017778963041980987,87126016.0
2025-12-05 04:26:01,0.2889081494321844,0.0005796090000120994,0.0,0.0013334222281485939,87126016.0
2025-12-05 04:27:01,0.2889017289657318,0.0007093638463489837,0.0,0.0017778567936352348,87912448.0
2025-12-05 04:28:01,0.2889081494321844,0.0005581760766430167,0.0,0.001333422228148436,87912448.0
2025-12-05 04:29:01,0.2889081494321844,0.0005934869231378587,0.0,0.001333422228148515,87912448.0
2025-12-05 04:30:01,0.2889017289657318,0.0006627117692495141,0.0,0.0015556246944308698,87912448.0
2025-12-05 04:31:01,0.28894667822453385,0.0005583220000307147,0.0,0.0013336000533439739,87912448.0
2025-12-05 04:32:02,0.28886321215891925,0.0005658505387355734,0.0,0.0013332148253488297,87912448.0
2025-12-05 04:33:02,0.28886321215891925,0.0006151714617142436,0.0,0.0008888098835658865,87912448.0
2025-12-05 04:34:02,0.2889017289657318,0.000618981461509695,0.0,0.0008889283968176963,87912448.0
2025-12-05 04:35:02,0.2889081494321844,0.0005945117691925798,0.0,0.001111185190123802,87912448.0
2025-12-05 04:36:02,0.2888760499533354,0.0005989171540232537,0.0,0.0008888493844717823,87912448.0
2025-12-05 04:37:02,0.28891457018401634,0.0005593864614358889,0.0,0.0011112098853230767,87912448.0
2025-12-05 04:38:02,0.2889081494321844,0.0006719981541279524,0.0,0.0015556592661732278,87912448.0
2025-12-05 04:39:02,0.2889081494321844,0.0006088579231380628,0.0,0.001111185190123802,87912448.0
2025-12-05 04:40:03,0.28891457018401634,0.0006769003845805016,0.0,0.0013334518623877394,87912448.0
2025-12-05 04:41:03,0.2889081494321844,0.0005753572305156222,0.0,0.001111185190123802,87912448.0
2025-12-05 04:42:03,0.28889530878463965,0.0006836966156417754,0.0,0.0015555901242249892,87912448.0
2025-12-05 04:43:03,0.2889017289657318,0.0005191920771232197,0.0,0.0011111604960220612,87912448.0
2025-12-05 04:44:03,0.2889209912212468,0.0006044766152906679,0.0,0.0011112345816201958,87912448.0
2025-12-05 04:45:03,0.28891457018401634,0.0006297691539097846,0.0,0.0020001777935816484,87912448.0
2025-12-05 04:46:03,0.28889530878463965,0.0005971936152491254,0.0,0.0015555901242249892,87912448.0
2025-12-05 04:47:03,0.2888760499533354,0.0006045388462762976,0.0,0.0011110617305896886,87912448.0
2025-12-05 04:48:03,0.28888888888888886,0.0006842553076029827,0.0,0.0011111111111111267,87912448.0
2025-12-05 04:49:03,0.2889209912212468,0.0006931436154655574,0.0,0.0013334814979442664,87912448.0
2025-12-05 04:50:04,0.2889081494321844,0.0007128907692766425,0.0,0.0017778963041980198,87912448.0
2025-12-05 04:51:04,0.2889081494321844,0.0006688773078517093,0.0,0.0013334222281485939,87912448.0
2025-12-05 04:52:04,0.28888246927846045,0.000624834307438085,0.0,0.0015555209884225648,87912448.0
2025-12-05 04:53:04,0.2889081494321844,0.0007251287689331757,0.0,0.002222370380247525,87912448.0
2025-12-05 04:54:04,0.28891457018401634,0.0007144767690848452,0.0,0.0020001777935816484,87912448.0
2025-12-05 04:55:04,0.28891457018401634,0.0007112504615808856,0.0,0.0011112098853231557,87912448.0
2025-12-05 04:56:04,0.2889081494321844,0.000555774615629791,0.0,0.001555659266173307,87912448.0
2025-12-05 04:57:04,0.28891457018401634,0.0006150505386568302,0.0,0.0013334518623878183,87912448.0
2025-12-05 04:58:04,0.2889081494321844,0.0005738693076776913,0.0,0.0008889481520990889,87912448.0
2025-12-05 04:59:05,0.28891457018401634,0.0006653133076235043,0.0,0.001555693839452402,87912448.0
2025-12-05 05:00:05,0.28891457018401634,0.0006478542302200088,0.0,0.0011112098853231557,87912448.0
2025-12-05 05:01:05,0.2889017289657318,0.0006055594612217437,0.0,0.001333392595226505,87912448.0
2025-12-05 05:02:05,0.28891457018401634,0.0006640893849320351,0.0,0.0011112098853231557,87912448.0
2025-12-05 05:03:05,0.2889017289657318,0.0006242892307524856,0.0,0.0015556246944308698,87912448.0
2025-12-05 05:04:05,0.28891457018401634,0.0005736952308115389,0.0,0.0008889679082584929,87912448.0
2025-12-05 05:05:05,0.28891457018401634,0.0006326463841945111,0.0,0.0022224197706462324,87912448.0
2025-12-05 05:06:05,0.28891457018401634,0.0006321577694996869,0.0,0.0013334518623878183,87912448.0
2025-12-05 05:07:05,0.2889081494321844,0.000641086615360109,0.0,0.001555659266173307,87912448.0
2025-12-05 05:08:06,0.28891457018401634,0.0005489109999661405,0.0,0.0011112098853231557,87912448.0
2025-12-05 05:09:06,0.2889081494321844,0.0006459280765948978,0.0,0.001333422228148515,87912448.0
2025-12-05 05:10:06,0.2889081494321844,0.0005862817695462861,0.0,0.0015556592661733859,87912448.0
2025-12-05 05:11:06,0.2889081494321844,0.0007505799228685926,0.0,0.0015556592661733859,87912448.0
2025-12-05 05:12:06,0.2889209912212468,0.0006332392306201374,0.0,0.00177797533059225,87912448.0
2025-12-05 05:13:06,0.28891457018401634,0.0006426115381215754,0.0,0.0017779358165170647,87912448.0
2025-12-05 05:14:06,0.28891457018401634,0.0007282002310463353,0.0,0.0022224197706463113,87912448.0
2025-12-05 05:15:06,0.2889081494321844,0.0005312025384158074,0.0,0.0011111851901238808,87912448.0
2025-12-05 05:16:06,0.2889081494321844,0.0006086509999407169,0.0,0.002000133342222812,87912448.0
2025-12-05 05:17:07,0.2889017289657318,0.0005789146923164551,0.0,0.0017778567936353137,87912448.0
2025-12-05 05:18:07,0.2888632121589192,0.0007100147694682863,0.0,0.0015554172962403408,87912448.0
2025-12-05 05:19:07,0.28891457018401634,0.0005869709227856499,0.0,0.001555693839452402,87912448.0
2025-12-05 05:20:07,0.28885037550548814,0.0005832854617787794,0.0,0.0013331555792561497,87912448.0
2025-12-05 05:21:07,0.2889017289657318,0.0007171522304885841,0.0,0.0017778567936352348,87912448.0
2025-12-05 05:22:07,0.2888824692784605,0.0005650974615911344,0.0,0.0013333037043621759,87912448.0
2025-12-05 05:23:07,0.2889595234390629,0.0006447635381706418,0.0,0.001111382782457871,87912448.0
2025-12-05 05:24:07,0.2889017289657318,0.0005744351541439895,0.0,0.0017778567936353137,87912448.0
2025-12-05 05:25:07,0.2889017289657318,0.0006790624615510191,0.0,0.0013333925952264262,87912448.0
2025-12-05 05:26:08,0.31113185323466014,0.0006045699285875475,0.0,0.001111185190123802,87912448.0
2025-12-05 05:27:08,0.3111249388861727,0.000670486999816993,0.0,0.0022223209920440436,87912448.0
2025-12-05 05:28:08,0.3111733457802672,0.0007018363568412107,0.0,0.0022226667555733685,87912448.0
2025-12-05 05:29:08,0.31111802484499657,0.0006780952142954837,0.0,0.0011111358030177817,87912448.0
2025-12-05 05:30:08,0.3111249388861727,0.0006169462141250343,0.0,0.0015556246944309488,87912448.0
2025-12-05 05:31:08,0.31104890133084495,0.0005262877145599175,0.0,0.001333066719989386,87912448.0
2025-12-05 05:32:08,0.31111802484499657,0.0005615534285295454,0.0,0.0011111358030178606,87912448.0
2025-12-05 05:33:08,0.31111802484499657,0.0006776141425299491,0.0,0.0013333629636213856,87912448.0
2025-12-05 05:34:08,0.31111802484499657,0.0006520177855366326,0.0,0.0015555901242249892,87912448.0
2025-12-05 05:35:09,0.31111802484499657,0.0006196840710929662,0.0,0.0013333629636213856,87912448.0
2025-12-05 05:36:09,0.31109728456513047,0.0006912890709957407,0.0,0.0015554864228257373,87912448.0
2025-12-05 05:37:09,0.3111249388861727,0.0005549150716563288,0.0,0.0011111604960219823,87912448.0
2025-12-05 05:38:09,0.31111802484499657,0.0005660828570138879,0.0,0.0013333629636214644,87912448.0
2025-12-05 05:39:09,0.31111802484499657,0.0005867543568456313,0.0,0.0011111358030178608,87912448.0
2025-12-05 05:40:09,0.3111249388861727,0.0006541107143545689,0.0,0.0011111604960220612,87912448.0
2025-12-05 05:41:09,0.3111180248449966,0.0005713067857868737,0.0,0.0013333629636214644,87912448.0
2025-12-05 05:42:09,0.3111180248449966,0.0006016316430239904,0.0,0.0013333629636213856,87912448.0
2025-12-05 05:43:09,0.31111802484499657,0.0006063671428689434,0.0,0.0011111358030178608,87912448.0
2025-12-05 05:44:10,0.3111249388861727,0.0005992638577611485,0.0,0.0015556246944308698,87912448.0
2025-12-05 05:45:10,0.31111111111111106,0.0006212545710825777,0.0,0.0013333333333332257,87912448.0
2025-12-05 05:46:10,0.31111111111111106,0.0006495447137889902,0.0,0.0017777777777777397,87912448.0
2025-12-05 05:47:10,0.3111249388861727,0.0005831039284852782,0.0,0.001333392595226505,87912448.0
2025-12-05 05:48:10,0.31111802484499657,0.0005710087856901476,0.0,0.0013333629636213854,87912448.0
2025-12-05 05:49:10,0.31111802484499657,0.0006265595714337126,0.0,0.0015555901242249102,87912448.0
2025-12-05 05:50:10,0.31109728456513047,0.0006083631428087496,0.0,0.0011110617305897673,87912448.0
2025-12-05 05:51:10,0.31111802484499657,0.0006012840714382556,0.0,0.0017778172848285142,87912448.0
2025-12-05 05:52:10,0.31110419768449593,0.0005994136429632947,0.0,0.001555520988422486,87912448.0
2025-12-05 05:53:11,0.3111249388861727,0.0005614020715906269,0.0,0.0011111604960220612,87912448.0
2025-12-05 05:54:11,0.31111802484499657,0.0006089231426033491,0.0,0.0013333629636213854,87912448.0
2025-12-05 05:55:11,0.3111249388861727,0.0005875523571116252,0.0,0.0013333925952264262,87912448.0
2025-12-05 05:56:11,0.31111802484499657,0.0005892409283530599,0.0,0.0013333629636213065,87912448.0
2025-12-05 05:57:11,0.31111802484499657,0.0006015804283379111,0.0,0.001111135803017782,87912448.0
2025-12-05 05:58:11,0.31111802484499657,0.0005529748575229729,0.0,0.0011111358030178606,87912448.0
2025-12-05 05:59:11,0.31115951370213146,0.0006186056428175238,0.0,0.0013335407730091064,87912448.0
2025-12-05 06:00:11,0.31111802484499657,0.0008238612144850777,0.0,0.0020000444454321177,87912448.0
2025-12-05 06:01:11,0.31111802484499657,0.0006978569999773754,0.0,0.0017778172848285927,87912448.0
2025-12-05 06:02:11,0.31111802484499657,0.0006255718571992475,0.0,0.0015555901242249102,87912448.0
2025-12-05 06:03:12,0.31111111111111106,0.0005762743571072601,0.0,0.0013333333333332257,87912448.0
2025-12-05 06:04:12,0.31111111111111106,0.0006935005714175142,0.0,0.0017777777777777397,87912448.0
2025-12-05 06:05:12,0.31111802484499657,0.0006106139999246807,0.0,0.0015555901242249892,87912448.0
2025-12-05 06:06:12,0.3111249388861727,0.0005962012141286063,0.0,0.0013333925952264262,87912448.0
2025-12-05 06:07:12,0.31111802484499657,0.0006019444286461553,0.0,0.0008889086424142571,87912448.0
2025-12-05 06:08:12,0.31111802484499657,0.0006094470001179225,0.0,0.0020000444454321966,87912448.0
2025-12-05 06:09:12,0.31111802484499657,0.0005698713570641953,0.0,0.0020000444454321966,87912448.0
2025-12-05 06:10:12,0.3111249388861727,0.0005689783572181893,0.0,0.0020000888928397575,87912448.0
2025-12-05 06:11:12,0.31111111111111106,0.0006061677144576347,0.0,0.0011111111111110478,87912448.0
2025-12-05 06:12:13,0.3111318532346601,0.0005749107858719071,0.0,0.001555659266173307,87912448.0
2025-12-05 06:13:13,0.3111249388861727,0.0005967758573076156,0.0,0.0013333925952264262,87912448.0
2025-12-05 06:14:13,0.31111111111111106,0.0006164946429895021,0.0,0.0015555555555555618,87912448.0
2025-12-05 06:15:13,0.3111318532346601,0.0005535501431950253,0.0,0.0017778963041980987,87912448.0
2025-12-05 06:16:13,0.31109728456513047,0.0006199597858410146,0.0,0.0015554864228256584,87912448.0
2025-12-05 06:17:13,0.31106963515975644,0.000634271999712967,0.0,0.0013331555792560708,87912448.0
2025-12-05 06:18:13,0.3111249388861727,0.0007535109285267286,0.0,0.0017778567936353137,87912448.0
2025-12-05 06:19:14,0.3111180248449966,0.0006026669286386875,0.0,0.0013333629636213065,87912448.0
2025-12-05 06:20:14,0.3111456828536504,0.0005621456427564096,0.0,0.001777975330592408,87912448.0
2025-12-05 06:21:14,0.3111525981241944,0.0006547878566769734,0.0,0.0013335111348180264,87912448.0
2025-12-05 06:22:14,0.3111387678904791,0.0005790537860385875,0.0,0.0015556938394523231,87912448.0
2025-12-05 06:23:14,0.3111318532346601,0.0005714139286802883,0.0,0.001555659266173307,87912448.0
2025-12-05 06:24:14,0.3111387678904791,0.000790976071584737,0.0,0.0017779358165170647,87912448.0
2025-12-05 06:25:14,0.31111111111111106,0.000524528000564065,0.0,0.0015555555555555618,87912448.0
2025-12-05 06:26:14,0.3111318532346601,0.0006154548573249484,0.0,0.001111185190123723,87912448.0
2025-12-05 06:27:14,0.31111111111111106,0.0005613878573577885,0.0,0.0011111111111111267,87912448.0
2025-12-05 06:28:15,0.3111249388861727,0.0005891670714065965,0.0,0.0013333925952264262,87912448.0
2025-12-05 06:29:15,0.3110972845651304,0.0005774152855987527,0.0,0.0011110617305896883,87912448.0
2025-12-05 06:30:15,0.31111802484499657,0.0006280308578945031,0.0,0.0015555901242249892,87912448.0
2025-12-05 06:31:15,0.3111387678904791,0.0005895841428095341,0.0,0.0013334518623878183,87912448.0
2025-12-05 06:32:15,0.3111249388861727,0.0006836009280440131,0.0,0.0017778567936352348,87912448.0
2025-12-05 06:33:15,0.3111249388861727,0.0006028252854386146,0.0,0.0017778567936353137,87912448.0
2025-12-05 06:34:15,0.3111249388861727,0.0006393012146353223,0.0,0.001333392595226505,87912448.0
2025-12-05 06:35:15,0.3111318532346601,0.0007894561427487394,0.0,0.002000133342222812,87912448.0
2025-12-05 06:36:15,0.3111318532346601,0.0007329317135632404,0.0,0.0017778963041980987,87912448.0
2025-12-05 06:37:16,0.3111180248449966,0.0005863045007572509,0.0,0.0011111358030178606,87912448.0
2025-12-05 06:38:16,0.3111249388861727,0.0006638064291369769,0.0,0.001333392595226505,87912448.0
2025-12-05 06:39:16,0.3111249388861727,0.000654751785467462,0.0,0.0011111604960219823,87912448.0
2025-12-05 06:40:16,0.3111249388861727,0.0005649734287414633,0.0,0.001333392595226505,87912448.0
2025-12-05 06:41:16,0.3111180248449966,0.0005838868575145689,0.0,0.0013333629636214644,87912448.0
2025-12-05 06:42:16,0.31111802484499657,0.0006521524283016332,0.0,0.0015555901242249102,87912448.0
2025-12-05 06:43:16,0.3111249388861727,0.0006160542151129838,0.0,0.0017778567936352348,87912448.0
2025-12-05 06:44:16,0.3111249388861727,0.0005691183567770557,0.0,0.0013333925952264262,87912448.0
2025-12-05 06:45:16,0.3111249388861727,0.0007605324288826004,0.0,0.0015556246944308698,87912448.0
2025-12-05 06:46:17,0.3110765470503277,0.0007036725718145525,0.0,0.0015553827352516446,87912448.0
2025-12-05 06:47:17,0.3111180248449966,0.0007243978574738971,0.0,0.0011111358030177817,87912448.0
2025-12-05 06:48:17,0.3111249388861727,0.0006860383572140043,0.0,0.001333392595226347,87912448.0
2025-12-05 06:49:17,0.31111802484499657,0.0008021630003765624,0.0,0.0017778172848285138,87912448.0
2025-12-05 06:50:17,0.3111318532346601,0.001346973214042789,0.0,0.0028890814943219006,87912448.0
2025-12-05 06:51:17,0.3111318532346601,0.0008512102142828683,0.0,0.0028890814943218217,87912448.0
2025-12-05 06:52:17,0.3111387678904791,0.0008299917857844516,0.0,0.0022224197706462324,87912448.0
2025-12-05 06:53:17,0.3111318532346601,0.0009950275003315517,0.0,0.0028890814943218217,87912448.0
2025-12-05 06:54:17,0.3111318532346601,0.0008738586426001609,0.0,0.0033335555703713268,87912448.0
2025-12-05 06:55:18,0.3111249388861727,0.0009908133576703093,0.0,0.0026667851904529313,87912448.0
2025-12-05 06:56:18,0.3111249388861727,0.0007706097141116125,0.0,0.0015556246944309488,87912448.0
2025-12-05 06:57:18,0.3111249388861727,0.0007280418576556258,0.0,0.0015556246944308698,87912448.0
2025-12-05 06:58:18,0.3111249388861727,0.0006875760004082362,0.0,0.0017778567936352348,87912448.0
2025-12-05 06:59:18,0.3111387678904791,0.0017403844290778839,0.0,0.004667081518357206,87912448.0
2025-12-05 07:00:18,0.3111318532346601,0.0014004451425405154,0.0,0.00466697779851992,87912448.0
2025-12-05 07:01:19,0.3111318532346601,0.0017062805717224755,0.0,0.00466697779851992,87912448.0
2025-12-05 07:02:19,0.3111318532346601,0.001000622357033925,0.0,0.0024446074182723166,87912448.0
2025-12-05 07:04:19,0.3111318532346601,0.0010049709996695,0.0,0.003111318532346614,87912448.0
2025-12-05 07:05:19,0.3111387678904791,0.0009549815713398858,0.0,0.0020001777935815695,87912448.0
2025-12-05 07:06:19,0.31111802484499657,0.0011102020008755581,0.0,0.002444498766639246,87912448.0
2025-12-05 07:07:19,0.3111318532346601,0.0012238866430769643,0.0,0.00266684445629703,87912448.0
2025-12-05 07:08:19,0.3111456828536504,0.0007835290715385261,0.0,0.0020002222469164,87912448.0
2025-12-05 07:09:19,0.3111387678904791,0.001700325285388057,0.0,0.004000355587163297,87912448.0
2025-12-05 07:10:20,0.3111249388861727,0.001068019643363576,0.0,0.0022223209920442803,87912448.0
2025-12-05 07:11:20,0.3111318532346601,0.0009205797853480493,0.0,0.002222370380247446,87912448.0
2025-12-05 07:12:20,0.3111318532346601,0.0008781624286971887,0.0,0.0028890814943219006,87912448.0
2025-12-05 07:13:20,0.31111802484499657,0.0010699743571811787,0.0,0.0028889530878462954,87912448.0
2025-12-05 07:14:20,0.3111318532346601,0.0008531412851360594,0.0,0.002222370380247604,87912448.0
2025-12-05 07:15:20,0.3111249388861727,0.0006815638571424643,0.0,0.0022223209920441225,87912448.0
2025-12-05 07:16:20,0.31111802484499657,0.0006839000005649203,0.0,0.0013333629636214644,87912448.0
2025-12-05 07:17:20,0.3111249388861727,0.0006833798569069976,0.0,0.0020000888928397575,87912448.0
2025-12-05 07:18:20,0.3111249388861727,0.0005692006436999821,0.0,0.0020000888928395997,87912448.0
2026-02-19 02:38:56,2026-02-19,0,0,0,0,0,0,0,0,0,0,0,0,0
2026-02-19 02:39:56,2026-02-19,0,0,0,0,0,0,0,0,0,0,0,0,0
2026-02-19 02:40:56,2026-02-19,0,0,0,0,0,0,0,0,0,0,0,0,0
2026-02-19 02:41:56,2026-02-19,0,0,0,0,0,0,0,0,0,0,0,0,0
2026-02-19 02:42:56,2026-02-19,0,0,0,0,0,0,0,0,0,0,0,0,0
2026-02-19 02:43:56,2026-02-19,0,0,0,0,0,0,0,0,0,0,0,0,0
2026-02-19 02:44:57,2026-02-19,0,0,0,0,0,0,0,0,0,0,0,0,0
2026-02-19 02:45:57,2026-02-19,0,0,0,0,0,0,0,0,0,0,0,0,0
2026-02-19 02:46:57,2026-02-19,0,0,0,0,0,0,0,0,0,0,0,0,0
2026-02-19 02:47:57,2026-02-19,0,0,0,0,0,0,0,0,0,0,0,0,0
2026-02-19 02:48:57,2026-02-19,0,0,0,0,0,0,0,0,0,0,0,0,0
2026-02-19 02:49:57,2026-02-19,0,0,0,0,0,0,0,0,0,0,0,0,0
2026-02-19 02:50:57,2026-02-19,0,0,0,0,0,0,0,0,0,0,0,0,0
2026-02-19 02:51:57,2026-02-19,0,0,0,0,0,0,0,0,0,0,0,0,0
2026-02-19 02:52:57,2026-02-19,0,0,0,0,0,0,0,0,0,0,0,0,0
2026-02-19 02:53:57,2026-02-19,0,0,0,0,0,0,0,0,0,0,0,0,0
2026-02-19 02:54:57,2026-02-19,0,0,0,0,0,0,0,0,0,0,0,0,0
2026-02-19 02:55:57,2026-02-19,0,0,0,0,0,0,0,0,0,0,0,0,0
2026-02-19 03:00:50,2026-02-19,0,0,0,0,0,0,0,0,0,0,0,0,0
2026-02-19 03:01:50,2026-02-19,0,0,0,0,0,0,0,0,0,0,0,0,0
2026-02-19 03:02:50,2026-02-19,0,0,0,0,0,0,0,0,0,0,0,0,0
2026-02-19 03:03:50,2026-02-19,0,0,0,0,0,0,0,0,0,0,0,0,0
2026-02-19 03:04:50,2026-02-19,0,0,0,0,0,0,0,0,0,0,0,0,0
2026-02-19 03:05:50,2026-02-19,0,0,0,0,0,0,0,0,0,0,0,0,0
2026-02-19 03:06:50,2026-02-19,0,0,0,0,0,0,0,0,0,0,0,0,0
2026-02-19 03:07:50,2026-02-19,0,0,0,0,0,0,0,0,0,0,0,0,0
2026-02-19 03:08:50,2026-02-19,0,0,0,0,0,0,0,0,0,0,0,0,0
2026-02-19 03:09:50,2026-02-19,0,0,0,0,0,0,0,0,0,0,0,0,0
2026-02-19 03:10:50,2026-02-19,0,0,0,0,0,0,0,0,0,0,0,0,0
2026-02-19 03:11:50,2026-02-19,0,0,0,0,0,0,0,0,0,0,0,0,0
2026-02-19 03:13:51,2026-02-19,0,0,0,0,0,0,0,0,0,0,0,0,0
2026-02-19 03:14:51,2026-02-19,0,0,0,0,0,0,0,0,0,0,0,0,0
2026-02-19 03:15:51,2026-02-19,0,0,0,0,0,0,0,0,0,0,0,0,0
2026-02-19 03:21:33,2026-02-19,0,0,0,0,0,0,0,0,0,0,0,0,0
2026-02-19 03:22:33,2026-02-19,0,0,0,0,0,0,0,0,0,0,0,0,0
2026-02-19 03:23:33,2026-02-19,0,0,0,0,0,0,0,0,0,0,0,0,0
2026-02-19 03:24:33,2026-02-19,0,0,0,0,0,0,0,0,0,0,0,0,0
2026-02-19 03:25:33,2026-02-19,0,0,0,0,0,0,0,0,0,0,0,0,0
2026-02-19 03:26:33,2026-02-19,0,0,0,0,0,0,0,0,0,0,0,0,0
2026-02-19 03:27:33,2026-02-19,0,0,0,0,0,0,0,0,0,0,0,0,0
2026-02-19 03:28:33,2026-02-19,0,0,0,0,0,0,0,0,0,0,0,0,0
2026-02-19 03:29:33,2026-02-19,0,0,0,0,0,0,0,0,0,0,0,0,0
2026-02-19 03:30:33,2026-02-19,0,0,0,0,0,0,0,0,0,0,0,0,0
2026-02-19 03:31:33,2026-02-19,0,0,0,0,0,0,0,0,0,0,0,0,0
2026-02-19 03:32:33,2026-02-19,0,0,0,0,0,0,0,0,0,0,0,0,0
2026-02-19 03:33:33,2026-02-19,0,0,0,0,0,0,0,0,0,0,0,0,0
2026-02-19 03:34:33,2026-02-19,0,0,0,0,0,0,0,0,0,0,0,0,0
2026-02-19 03:35:33,2026-02-19,0,0,0,0,0,0,0,0,0,0,0,0,0
2026-02-19 03:36:33,2026-02-19,0,0,0,0,0,0,0,0,0,0,0,0,0
2026-02-19 03:37:33,2026-02-19,0,0,0,0,0,0,0,0,0,0,0,0,0
2026-02-19 03:38:34,2026-02-19,0,0,0,0,0,0,0,0,0,0,0,0,0
2026-02-19 03:39:34,2026-02-19,0,0,0,0,0,0,0,0,0,0,0,0,0
2026-02-19 03:40:34,2026-02-19,0,0,0,0,0,0,0,0,0,0,0,0,0
2026-02-19 03:41:34,2026-02-19,0,0,0,0,0,0,0,0,0,0,0,0,0
2026-02-19 03:42:34,2026-02-19,0,0,0,0,0,0,0,0,0,0,0,0,0
2026-02-19 03:43:34,2026-02-19,0,0,0,0,0,0,0,0,0,0,0,0,0
2026-02-19 03:44:34,2026-02-19,0,0,0,0,0,0,0,0,0,0,0,0,0
2026-02-19 03:45:34,2026-02-19,0,0,0,0,0,0,0,0,0,0,0,0,0
2026-02-19 03:46:34,2026-02-19,0,0,0,0,0,0,0,0,0,0,0,0,0
2026-02-19 03:47:34,2026-02-19,0,0,0,0,0,0,0,0,0,0,0,0,0
2026-02-19 03:48:34,2026-02-19,0,0,0,0,0,0,0,0,0,0,0,0,0
2026-02-19 03:49:34,2026-02-19,0,0,0,0,0,0,0,0,0,0,0,0,0
2026-02-19 03:50:34,2026-02-19,0,0,0,0,0,0,0,0,0,0,0,0,0
2026-02-19 03:51:34,2026-02-19,0,0,0,0,0,0,0,0,0,0,0,0,0
2026-02-19 03:52:34,2026-02-19,0,0,0,0,0,0,0,0,0,0,0,0,0
2026-02-19 03:53:34,2026-02-19,0,0,0,0,0,0,0,0,0,0,0,0,0
2026-02-19 03:54:34,2026-02-19,0,0,0,0,0,0,0,0,0,0,0,0,0
2026-02-19 03:55:34,2026-02-19,0,0,0,0,0,0,0,0,0,0,0,0,0
2026-02-19 03:56:34,2026-02-19,0,0,0,0,0,0,0,0,0,0,0,0,0
2026-02-19 03:57:34,2026-02-19,0,0,0,0,0,0,0,0,0,0,0,0,0
2026-02-19 03:58:34,2026-02-19,0,0,0,0,0,0,0,0,0,0,0,0,0
2026-02-19 03:59:34,2026-02-19,0,0,0,0,0,0,0,0,0,0,0,0,0
2026-02-19 04:00:34,2026-02-19,0,0,0,0,0,0,0,0,0,0,0,0,0
2026-02-19 04:01:34,2026-02-19,0,0,0,0,0,0,0,0,0,0,0,0,0
2026-02-19 04:02:34,2026-02-19,0,0,0,0,0,0,0,0,0,0,0,0,0
2026-02-19 04:03:34,2026-02-19,0,0,0,0,0,0,0,0,0,0,0,0,0
2026-02-19 04:04:34,2026-02-19,0,0,0,0,0,0,0,0,0,0,0,0,0
2026-02-19 04:05:35,2026-02-19,0,0,0,0,0,0,0,0,0,0,0,0,0
2026-02-19 04:06:35,2026-02-19,0,0,0,0,0,0,0,0,0,0,0,0,0
2026-02-19 04:07:35,2026-02-19,0,0,0,0,0,0,0,0,0,0,0,0,0
2026-02-19 04:08:35,2026-02-19,0,0,0,0,0,0,0,0,0,0,0,0,0
2026-02-19 04:09:35,2026-02-19,0,0,0,0,0,0,0,0,0,0,0,0,0
2026-02-19 04:10:35,2026-02-19,0,0,0,0,0,0,0,0,0,0,0,0,0
2026-02-19 04:11:35,2026-02-19,0,0,0,0,0,0,0,0,0,0,0,0,0
2026-02-19 04:12:35,2026-02-19,0,0,0,0,0,0,0,0,0,0,0,0,0
2026-02-19 04:13:35,2026-02-19,0,0,0,0,0,0,0,0,0,0,0,0,0
2026-02-19 04:14:35,2026-02-19,0,0,0,0,0,0,0,0,0,0,0,0,0
2026-02-19 04:15:35,2026-02-19,0,0,0,0,0,0,0,0,0,0,0,0,0
2026-02-19 04:16:35,2026-02-19,0,0,0,0,0,0,0,0,0,0,0,0,0
2026-02-19 04:17:35,2026-02-19,0,0,0,0,0,0,0,0,0,0,0,0,0
2026-02-19 04:18:35,2026-02-19,0,0,0,0,0,0,0,0,0,0,0,0,0
2026-02-19 04:19:35,2026-02-19,0,0,0,0,0,0,0,0,0,0,0,0,0
2026-02-19 04:20:35,2026-02-19,0,0,0,0,0,0,0,0,0,0,0,0,0
2026-02-19 04:21:35,2026-02-19,0,0,0,0,0,0,0,0,0,0,0,0,0
2026-02-19 04:22:35,2026-02-19,0,0,0,0,0,0,0,0,0,0,0,0,0
2026-02-19 04:23:35,2026-02-19,0,0,0,0,0,0,0,0,0,0,0,0,0
2026-02-19 04:24:35,2026-02-19,0,0,0,0,0,0,0,0,0,0,0,0,0
2026-02-19 04:25:35,2026-02-19,0,0,0,0,0,0,0,0,0,0,0,0,0
2026-02-19 04:26:35,2026-02-19,0,0,0,0,0,0,0,0,0,0,0,0,0
2026-02-19 04:27:15,2026-02-19,0,0,0,0,0,0,0,0,0,0,0,0,0
2026-02-19 04:28:15,2026-02-19,0,0,0,0,0,0,0,0,0,0,0,0,0
2026-02-19 04:29:15,2026-02-19,0,0,0,0,0,0,0,0,0,0,0,0,0
2026-02-19 04:30:15,2026-02-19,0,0,0,0,0,0,0,0,0,0,0,0,0
2026-02-19 04:31:15,2026-02-19,0,0,0,0,0,0,0,0,0,0,0,0,0
2026-02-19 04:32:15,2026-02-19,0,0,0,0,0,0,0,0,0,0,0,0,0
2026-02-19 04:33:15,2026-02-19,0,0,0,0,0,0,0,0,0,0,0,0,0
2026-02-19 04:34:15,2026-02-19,0,0,0,0,0,0,0,0,0,0,0,0,0
2026-02-19 04:35:15,2026-02-19,0,0,0,0,0,0,0,0,0,0,0,0,0
2026-02-19 04:36:16,2026-02-19,0,0,0,0,0,0,0,0,0,0,0,0,0
2026-02-19 04:37:16,2026-02-19,0,0,0,0,0,0,0,0,0,0,0,0,0
2026-02-19 04:38:16,2026-02-19,0,0,0,0,0,0,0,0,0,0,0,0,0
2026-02-19 04:39:16,2026-02-19,0,0,0,0,0,0,0,0,0,0,0,0,0
2026-02-19 04:40:16,2026-02-19,0,0,0,0,0,0,0,0,0,0,0,0,0
2026-02-19 04:41:16,2026-02-19,0,0,0,0,0,0,0,0,0,0,0,0,0
2026-02-19 04:42:16,2026-02-19,0,0,0,0,0,0,0,0,0,0,0,0,0
2026-02-19 04:43:16,2026-02-19,0,0,0,0,0,0,0,0,0,0,0,0,0
2026-02-19 04:44:16,2026-02-19,0,0,0,0,0,0,0,0,0,0,0,0,0
2026-02-19 04:45:16,2026-02-19,0,0,0,0,0,0,0,0,0,0,0,0,0
2026-02-19 04:46:16,2026-02-19,0,0,0,0,0,0,0,0,0,0,0,0,0
2026-02-19 04:47:16,2026-02-19,0,0,0,0,0,0,0,0,0,0,0,0,0
2026-02-19 04:48:16,2026-02-19,0,0,0,0,0,0,0,0,0,0,0,0,0
2026-02-19 04:49:16,2026-02-19,0,0,0,0,0,0,0,0,0,0,0,0,0
2026-02-19 04:50:16,2026-02-19,0,0,0,0,0,0,0,0,0,0,0,0,0
2026-02-19 04:51:16,2026-02-19,0,0,0,0,0,0,0,0,0,0,0,0,0
2026-02-19 04:52:16,2026-02-19,0,0,0,0,0,0,0,0,0,0,0,0,0
2026-02-19 04:53:16,2026-02-19,0,0,0,0,0,0,0,0,0,0,0,0,0
2026-02-19 04:54:16,2026-02-19,0,0,0,0,0,0,0,0,0,0,0,0,0
2026-02-19 04:55:16,2026-02-19,0,0,0,0,0,0,0,0,0,0,0,0,0
2026-02-19 04:56:16,2026-02-19,0,0,0,0,0,0,0,0,0,0,0,0,0
2026-02-19 04:57:16,2026-02-19,0,0,0,0,0,0,0,0,0,0,0,0,0
2026-02-19 04:58:16,2026-02-19,0,0,0,0,0,0,0,0,0,0,0,0,0
2026-02-19 04:59:16,2026-02-19,0,0,0,0,0,0,0,0,0,0,0,0,0
2026-02-19 05:00:16,2026-02-19,0,0,0,0,0,0,0,0,0,0,0,0,0
2026-02-19 05:01:16,2026-02-19,0,0,0,0,0,0,0,0,0,0,0,0,0
2026-02-19 05:02:16,2026-02-19,0,0,0,0,0,0,0,0,0,0,0,0,0
2026-02-19 05:03:16,2026-02-19,0,0,0,0,0,0,0,0,0,0,0,0,0
2026-02-19 05:04:16,2026-02-19,0,0,0,0,0,0,0,0,0,0,0,0,0
2026-02-19 05:05:16,2026-02-19,0,0,0,0,0,0,0,0,0,0,0,0,0
2026-02-19 05:06:16,2026-02-19,0,0,0,0,0,0,0,0,0,0,0,0,0
2026-02-19 05:07:16,2026-02-19,0,0,0,0,0,0,0,0,0,0,0,0,0
2026-02-19 05:08:16,2026-02-19,0,0,0,0,0,0,0,0,0,0,0,0,0
2026-02-19 05:09:17,2026-02-19,0,0,0,0,0,0,0,0,0,0,0,0,0
2026-02-19 05:10:17,2026-02-19,0,0,0,0,0,0,0,0,0,0,0,0,0
2026-02-19 05:11:17,2026-02-19,0,0,0,0,0,0,0,0,0,0,0,0,0
2026-02-19 05:12:17,2026-02-19,0,0,0,0,0,0,0,0,0,0,0,0,0
2026-02-19 05:13:17,2026-02-19,0,0,0,0,0,0,0,0,0,0,0,0,0
2026-02-19 05:14:17,2026-02-19,0,0,0,0,0,0,0,0,0,0,0,0,0
2026-02-19 05:15:17,2026-02-19,0,0,0,0,0,0,0,0,0,0,0,0,0
2026-02-19 05:16:17,2026-02-19,0,0,0,0,0,0,0,0,0,0,0,0,0
2026-02-19 05:17:17,2026-02-19,0,0,0,0,0,0,0,0,0,0,0,0,0
2026-02-19 05:18:17,2026-02-19,0,0,0,0,0,0,0,0,0,0,0,0,0
2026-02-19 05:19:17,2026-02-19,0,0,0,0,0,0,0,0,0,0,0,0,0
2026-02-19 05:20:17,2026-02-19,0,0,0,0,0,0,0,0,0,0,0,0,0
2026-02-19 05:21:17,2026-02-19,0,0,0,0,0,0,0,0,0,0,0,0,0
2026-02-19 05:22:17,2026-02-19,0,0,0,0,0,0,0,0,0,0,0,0,0
2026-02-19 05:23:17,2026-02-19,0,0,0,0,0,0,0,0,0,0,0,0,0
2026-02-19 05:24:17,2026-02-19,0,0,0,0,0,0,0,0,0,0,0,0,0
2026-02-19 05:25:17,2026-02-19,0,0,0,0,0,0,0,0,0,0,0,0,0
2026-02-19 05:26:17,2026-02-19,0,0,0,0,0,0,0,0,0,0,0,0,0
2026-02-19 05:27:17,2026-02-19,0,0,0,0,0,0,0,0,0,0,0,0,0
2026-02-19 05:28:17,2026-02-19,0,0,0,0,0,0,0,0,0,0,0,0,0
2026-02-19 05:29:17,2026-02-19,0,0,0,0,0,0,0,0,0,0,0,0,0
2026-02-19 05:30:17,2026-02-19,0,0,0,0,0,0,0,0,0,0,0,0,0
2026-02-19 05:31:17,2026-02-19,0,0,0,0,0,0,0,0,0,0,0,0,0
2026-02-19 05:32:17,2026-02-19,0,0,0,0,0,0,0,0,0,0,0,0,0
2026-02-19 05:33:17,2026-02-19,0,0,0,0,0,0,0,0,0,0,0,0,0
2026-02-19 05:34:17,2026-02-19,0,0,0,0,0,0,0,0,0,0,0,0,0
2026-02-19 05:35:17,2026-02-19,0,0,0,0,0,0,0,0,0,0,0,0,0
2026-02-19 05:36:17,2026-02-19,0,0,0,0,0,0,0,0,0,0,0,0,0
2026-02-19 05:37:17,2026-02-19,0,0,0,0,0,0,0,0,0,0,0,0,0
2026-02-19 05:38:18,2026-02-19,0,0,0,0,0,0,0,0,0,0,0,0,0
2026-02-19 05:39:18,2026-02-19,0,0,0,0,0,0,0,0,0,0,0,0,0
2026-02-19 05:40:18,2026-02-19,0,0,0,0,0,0,0,0,0,0,0,0,0
2026-02-19 05:41:18,2026-02-19,0,0,0,0,0,0,0,0,0,0,0,0,0
2026-02-19 05:42:18,2026-02-19,0,0,0,0,0,0,0,0,0,0,0,0,0
2026-02-19 05:43:18,2026-02-19,0,0,0,0,0,0,0,0,0,0,0,0,0
2026-02-19 05:44:18,2026-02-19,0,0,0,0,0,0,0,0,0,0,0,0,0
2026-02-19 05:45:18,2026-02-19,0,0,0,0,0,0,0,0,0,0,0,0,0
2026-02-19 05:46:18,2026-02-19,0,0,0,0,0,0,0,0,0,0,0,0,0
2026-02-19 05:47:18,2026-02-19,0,0,0,0,0,0,0,0,0,0,0,0,0
2026-02-19 05:48:18,2026-02-19,0,0,0,0,0,0,0,0,0,0,0,0,0
2026-02-19 05:49:18,2026-02-19,0,0,0,0,0,0,0,0,0,0,0,0,0
2026-02-19 05:50:18,2026-02-19,0,0,0,0,0,0,0,0,0,0,0,0,0
2026-02-19 05:51:18,2026-02-19,0,0,0,0,0,0,0,0,0,0,0,0,0
2026-02-20 05:17:19,2026-02-20,0,0,0,0,0,0,0,0,0,0,0,0,0
2026-02-20 05:18:19,2026-02-20,0,0,0,0,0,0,0,0,0,0,0,0,0
2026-02-20 05:19:19,2026-02-20,0,0,0,0,0,0,0,0,0,0,0,0,0
2026-02-20 05:20:19,2026-02-20,0,0,0,0,0,0,0,0,0,0,0,0,0
2026-02-20 05:21:19,2026-02-20,0,0,0,0,0,0,0,0,0,0,0,0,0
2026-02-20 05:22:19,2026-02-20,0,0,0,0,0,0,0,0,0,0,0,0,0
2026-02-20 05:23:19,2026-02-20,0,0,0,0,0,0,0,0,0,0,0,0,0
2026-02-20 05:24:19,2026-02-20,0,0,0,0,0,0,0,0,0,0,0,0,0
2026-02-20 05:25:19,2026-02-20,0,0,0,0,0,0,0,0,0,0,0,0,0
2026-02-20 05:26:19,2026-02-20,0,0,0,0,0,0,0,0,0,0,0,0,0
2026-02-20 05:27:19,2026-02-20,0,0,0,0,0,0,0,0,0,0,0,0,0
2026-02-20 05:28:19,2026-02-20,0,0,0,0,0,0,0,0,0,0,0,0,0
2026-02-20 05:29:19,2026-02-20,0,0,0,0,0,0,0,0,0,0,0,0,0
2026-02-20 05:30:19,2026-02-20,0,0,0,0,0,0,0,0,0,0,0,0,0
2026-02-20 05:31:19,2026-02-20,0,0,0,0,0,0,0,0,0,0,0,0,0
2026-02-20 05:32:19,2026-02-20,0,0,0,0,0,0,0,0,0,0,0,0,0
2026-02-20 05:33:19,2026-02-20,0,0,0,0,0,0,0,0,0,0,0,0,0
2026-02-20 05:34:19,2026-02-20,0,0,0,0,0,0,0,0,0,0,0,0,0
2026-02-20 05:35:19,2026-02-20,0,0,0,0,0,0,0,0,0,0,0,0,0
2026-02-20 05:36:19,2026-02-20,0,0,0,0,0,0,0,0,0,0,0,0,0
2026-02-20 05:37:19,2026-02-20,0,0,0,0,0,0,0,0,0,0,0,0,0
2026-02-20 05:38:19,2026-02-20,0,0,0,0,0,0,0,0,0,0,0,0,0
2026-02-20 05:39:19,2026-02-20,0,0,0,0,0,0,0,0,0,0,0,0,0
2026-02-20 05:40:19,2026-02-20,0,0,0,0,0,0,0,0,0,0,0,0,0
2026-02-20 05:41:19,2026-02-20,0,0,0,0,0,0,0,0,0,0,0,0,0
2026-02-20 05:43:16,2026-02-20,0,0,0,0,0,0,0,0,0,0,0,0,0
2026-02-20 05:44:16,2026-02-20,0,0,0,0,0,0,0,0,0,0,0,0,0
2026-02-20 05:45:16,2026-02-20,0,0,0,0,0,0,0,0,0,0,0,0,0
2026-02-20 05:46:16,2026-02-20,0,0,0,0,0,0,0,0,0,0,0,0,0
2026-02-20 05:47:16,2026-02-20,0,0,0,0,0,0,0,0,0,0,0,0,0
2026-02-20 05:48:16,2026-02-20,0,0,0,0,0,0,0,0,0,0,0,0,0
2026-02-20 05:49:16,2026-02-20,0,0,0,0,0,0,0,0,0,0,0,0,0
2026-02-20 05:50:16,2026-02-20,0,0,0,0,0,0,0,0,0,0,0,0,0
2026-02-20 05:51:16,2026-02-20,0,0,0,0,0,0,0,0,0,0,0,0,0
2026-02-20 05:52:16,2026-02-20,0,0,0,0,0,0,0,0,0,0,0,0,0
2026-02-20 05:53:16,2026-02-20,0,0,0,0,0,0,0,0,0,0,0,0,0
2026-02-20 05:54:16,2026-02-20,0,0,0,0,0,0,0,0,0,0,0,0,0
2026-02-20 05:55:16,2026-02-20,0,0,0,0,0,0,0,0,0,0,0,0,0
2026-02-20 05:56:16,2026-02-20,0,0,0,0,0,0,0,0,0,0,0,0,0
2026-02-20 05:57:16,2026-02-20,0,0,0,0,0,0,0,0,0,0,0,0,0
2026-02-20 05:58:16,2026-02-20,0,0,0,0,0,0,0,0,0,0,0,0,0
2026-02-20 05:59:17,2026-02-20,0,0,0,0,0,0,0,0,0,0,0,0,0
2026-02-20 06:00:17,2026-02-20,0,0,0,0,0,0,0,0,0,0,0,0,0
2026-02-20 06:01:17,2026-02-20,0,0,0,0,0,0,0,0,0,0,0,0,0
2026-02-20 06:02:17,2026-02-20,0,0,0,0,0,0,0,0,0,0,0,0,0
2026-02-20 06:03:17,2026-02-20,0,0,0,0,0,0,0,0,0,0,0,0,0
2026-02-20 06:04:17,2026-02-20,0,0,0,0,0,0,0,0,0,0,0,0,0
2026-02-20 06:05:17,2026-02-20,0,0,0,0,0,0,0,0,0,0,0,0,0
2026-02-20 06:06:17,2026-02-20,0,0,0,0,0,0,0,0,0,0,0,0,0
2026-02-20 06:07:17,2026-02-20,0,0,0,0,0,0,0,0,0,0,0,0,0
2026-02-20 06:08:17,2026-02-20,0,0,0,0,0,0,0,0,0,0,0,0,0
2026-02-20 06:09:17,2026-02-20,0,0,0,0,0,0,0,0,0,0,0,0,0
2026-02-20 06:10:17,2026-02-20,0,0,0,0,0,0,0,0,0,0,0,0,0
2026-02-20 06:11:17,2026-02-20,0,0,0,0,0,0,0,0,0,0,0,0,0
2026-02-20 06:12:17,2026-02-20,0,0,0,0,0,0,0,0,0,0,0,0,0
2026-02-20 06:13:17,2026-02-20,0,0,0,0,0,0,0,0,0,0,0,0,0
2026-02-20 06:14:17,2026-02-20,0,0,0,0,0,0,0,0,0,0,0,0,0
2026-02-20 06:15:17,2026-02-20,0,0,0,0,0,0,0,0,0,0,0,0,0
2026-02-20 06:16:17,2026-02-20,0,0,0,0,0,0,0,0,0,0,0,0,0
2026-02-20 06:17:17,2026-02-20,0,0,0,0,0,0,0,0,0,0,0,0,0
2026-02-20 06:18:17,2026-02-20,0,0,0,0,0,0,0,0,0,0,0,0,0
2026-02-20 06:19:17,2026-02-20,0,0,0,0,0,0,0,0,0,0,0,0,0
2026-02-20 06:20:17,2026-02-20,0,0,0,0,0,0,0,0,0,0,0,0,0
2026-02-20 06:21:17,2026-02-20,0,0,0,0,0,0,0,0,0,0,0,0,0
2026-02-20 06:22:17,2026-02-20,0,0,0,0,0,0,0,0,0,0,0,0,0
2026-02-20 06:23:24,2026-02-20,0,0,0,0,0,0,0,0,0,0,0,0,0
2026-02-20 06:24:24,2026-02-20,0,0,0,0,0,0,0,0,0,0,0,0,0
2026-02-20 06:25:24,2026-02-20,0,0,0,0,0,0,0,0,0,0,0,0,0
2026-02-20 06:26:24,2026-02-20,0,0,0,0,0,0,0,0,0,0,0,0,0
2026-02-20 06:27:24,2026-02-20,0,0,0,0,0,0,0,0,0,0,0,0,0
2026-02-20 06:28:24,2026-02-20,0,0,0,0,0,0,0,0,0,0,0,0,0
2026-02-20 06:29:24,2026-02-20,0,0,0,0,0,0,0,0,0,0,0,0,0
2026-02-20 06:30:24,2026-02-20,0,0,0,0,0,0,0,0,0,0,0,0,0
2026-02-20 06:31:24,2026-02-20,0,0,0,0,0,0,0,0,0,0,0,0,0
2026-02-20 06:32:24,2026-02-20,0,0,0,0,0,0,0,0,0,0,0,0,0
2026-02-20 06:33:24,2026-02-20,0,0,0,0,0,0,0,0,0,0,0,0,0
2026-02-20 06:34:24,2026-02-20,0,0,0,0,0,0,0,0,0,0,0,0,0
2026-02-20 06:35:24,2026-02-20,0,0,0,0,0,0,0,0,0,0,0,0,0
2026-02-20 06:36:24,2026-02-20,0,0,0,0,0,0,0,0,0,0,0,0,0
2026-02-20 06:37:24,2026-02-20,0,0,0,0,0,0,0,0,0,0,0,0,0
2026-02-20 06:38:24,2026-02-20,0,0,0,0,0,0,0,0,0,0,0,0,0
2026-02-20 06:39:24,2026-02-20,0,0,0,0,0,0,0,0,0,0,0,0,0
2026-02-20 06:40:24,2026-02-20,0,0,0,0,0,0,0,0,0,0,0,0,0
2026-02-20 06:41:24,2026-02-20,0,0,0,0,0,0,0,0,0,0,0,0,0
2026-02-20 06:42:24,2026-02-20,0,0,0,0,0,0,0,0,0,0,0,0,0
2026-02-20 06:43:24,2026-02-20,0,0,0,0,0,0,0,0,0,0,0,0,0
2026-02-20 06:44:24,2026-02-20,0,0,0,0,0,0,0,0,0,0,0,0,0
2026-02-20 06:45:24,2026-02-20,0,0,0,0,0,0,0,0,0,0,0,0,0
2026-02-20 06:46:24,2026-02-20,0,0,0,0,0,0,0,0,0,0,0,0,0
2026-02-20 06:47:24,2026-02-20,0,0,0,0,0,0,0,0,0,0,0,0,0
2026-02-20 06:49:20,2026-02-20,0,0,0,0,0,0,0,0,0,0,0,0,0
2026-02-20 06:50:20,2026-02-20,0,0,0,0,0,0,0,0,0,0,0,0,0
2026-02-20 06:51:20,2026-02-20,0,0,0,0,0,0,0,0,0,0,0,0,0
2026-02-20 06:52:20,2026-02-20,0,0,0,0,0,0,0,0,0,0,0,0,0
2026-02-20 06:53:20,2026-02-20,0,0,0,0,0,0,0,0,0,0,0,0,0
2026-02-20 06:54:21,2026-02-20,0,0,0,0,0,0,0,0,0,0,0,0,0
2026-02-20 06:55:21,2026-02-20,0,0,0,0,0,0,0,0,0,0,0,0,0
2026-02-20 06:56:21,2026-02-20,0,0,0,0,0,0,0,0,0,0,0,0,0
2026-02-20 06:57:21,2026-02-20,0,0,0,0,0,0,0,0,0,0,0,0,0
2026-02-20 06:58:21,2026-02-20,0,0,0,0,0,0,0,0,0,0,0,0,0
2026-02-20 06:59:21,2026-02-20,0,0,0,0,0,0,0,0,0,0,0,0,0
2026-02-20 07:00:21,2026-02-20,0,0,0,0,0,0,0,0,0,0,0,0,0
2026-02-20 07:01:21,2026-02-20,0,0,0,0,0,0,0,0,0,0,0,0,0
2026-02-20 07:02:21,2026-02-20,0,0,0,0,0,0,0,0,0,0,0,0,0
2026-02-20 07:03:21,2026-02-20,0,0,0,0,0,0,0,0,0,0,0,0,0
2026-02-20 07:04:21,2026-02-20,0,0,0,0,0,0,0,0,0,0,0,0,0
2026-02-20 07:05:21,2026-02-20,0,0,0,0,0,0,0,0,0,0,0,0,0
2026-02-20 07:06:21,2026-02-20,0,0,0,0,0,0,0,0,0,0,0,0,0
2026-02-20 07:07:21,2026-02-20,0,0,0,0,0,0,0,0,0,0,0,0,0
2026-02-20 07:08:21,2026-02-20,0,0,0,0,0,0,0,0,0,0,0,0,0
2026-02-20 07:09:21,2026-02-20,0,0,0,0,0,0,0,0,0,0,0,0,0
2026-02-20 07:10:21,2026-02-20,0,0,0,0,0,0,0,0,0,0,0,0,0
2026-02-20 07:11:21,2026-02-20,0,0,0,0,0,0,0,0,0,0,0,0,0
2026-02-20 07:12:21,2026-02-20,0,0,0,0,0,0,0,0,0,0,0,0,0
2026-02-20 07:13:21,2026-02-20,0,0,0,0,0,0,0,0,0,0,0,0,0
2026-02-20 07:14:21,2026-02-20,0,0,0,0,0,0,0,0,0,0,0,0,0
2026-02-20 07:15:21,2026-02-20,0,0,0,0,0,0,0,0,0,0,0,0,0
2026-02-20 07:16:21,2026-02-20,0,0,0,0,0,0,0,0,0,0,0,0,0
2026-02-20 07:17:21,2026-02-20,0,0,0,0,0,0,0,0,0,0,0,0,0
2026-02-20 07:18:21,2026-02-20,0,0,0,0,0,0,0,0,0,0,0,0,0
2026-02-20 07:19:21,2026-02-20,0,0,0,0,0,0,0,0,0,0,0,0,0
2026-02-20 07:20:21,2026-02-20,0,0,0,0,0,0,0,0,0,0,0,0,0
2026-02-20 07:21:21,2026-02-20,0,0,0,0,0,0,0,0,0,0,0,0,0
2026-02-20 07:22:21,2026-02-20,0,0,0,0,0,0,0,0,0,0,0,0,0
2026-02-20 07:23:22,2026-02-20,0,0,0,0,0,0,0,0,0,0,0,0,0
2026-02-20 07:24:22,2026-02-20,0,0,0,0,0,0,0,0,0,0,0,0,0
2026-02-20 07:25:22,2026-02-20,0,0,0,0,0,0,0,0,0,0,0,0,0
2026-02-20 07:26:22,2026-02-20,0,0,0,0,0,0,0,0,0,0,0,0,0
2026-02-20 07:27:22,2026-02-20,0,0,0,0,0,0,0,0,0,0,0,0,0
2026-02-20 07:28:22,2026-02-20,0,0,0,0,0,0,0,0,0,0,0,0,0
2026-02-20 07:29:22,2026-02-20,0,0,0,0,0,0,0,0,0,0,0,0,0
2026-02-20 07:30:22,2026-02-20,0,0,0,0,0,0,0,0,0,0,0,0,0
2026-02-20 07:31:22,2026-02-20,0,0,0,0,0,0,0,0,0,0,0,0,0
2026-02-20 07:32:22,2026-02-20,0,0,0,0,0,0,0,0,0,0,0,0,0
2026-02-20 07:33:22,2026-02-20,0,0,0,0,0,0,0,0,0,0,0,0,0
2026-02-20 07:34:22,2026-02-20,0,0,0,0,0,0,0,0,0,0,0,0,0
2026-02-20 07:35:22,2026-02-20,0,0,0,0,0,0,0,0,0,0,0,0,0
2026-02-20 07:36:22,2026-02-20,0,0,0,0,0,0,0,0,0,0,0,0,0
2026-02-20 07:37:22,2026-02-20,0,0,0,0,0,0,0,0,0,0,0,0,0
2026-02-20 07:38:22,2026-02-20,0,0,0,0,0,0,0,0,0,0,0,0,0
2026-02-20 07:39:22,2026-02-20,0,0,0,0,0,0,0,0,0,0,0,0,0
2026-02-20 07:40:22,2026-02-20,0,0,0,0,0,0,0,0,0,0,0,0,0
2026-02-20 07:41:22,2026-02-20,0,0,0,0,0,0,0,0,0,0,0,0,0
2026-02-20 07:42:22,2026-02-20,0,0,0,0,0,0,0,0,0,0,0,0,0
2026-02-20 07:43:22,2026-02-20,0,0,0,0,0,0,0,0,0,0,0,0,0
2026-02-20 07:44:22,2026-02-20,0,0,0,0,0,0,0,0,0,0,0,0,0
2026-02-20 07:45:22,2026-02-20,0,0,0,0,0,0,0,0,0,0,0,0,0
2026-02-20 07:46:22,2026-02-20,0,0,0,0,0,0,0,0,0,0,0,0,0
2026-02-20 07:47:22,2026-02-20,0,0,0,0,0,0,0,0,0,0,0,0,0
2026-02-20 07:48:22,2026-02-20,0,0,0,0,0,0,0,0,0,0,0,0,0
2026-02-20 07:49:23,2026-02-20,0,0,0,0,0,0,0,0,0,0,0,0,0
2026-02-20 07:50:23,2026-02-20,0,0,0,0,0,0,0,0,0,0,0,0,0
2026-02-20 07:51:23,2026-02-20,0,0,0,0,0,0,0,0,0,0,0,0,0
2026-02-20 07:52:23,2026-02-20,0,0,0,0,0,0,0,0,0,0,0,0,0
2026-02-20 07:53:23,2026-02-20,0,0,0,0,0,0,0,0,0,0,0,0,0
2026-02-20 07:54:23,2026-02-20,0,0,0,0,0,0,0,0,0,0,0,0,0
2026-02-20 07:55:23,2026-02-20,0,0,0,0,0,0,0,0,0,0,0,0,0
2026-02-20 07:56:23,2026-02-20,0,0,0,0,0,0,0,0,0,0,0,0,0
2026-02-20 07:57:23,2026-02-20,0,0,0,0,0,0,0,0,0,0,0,0,0
2026-02-20 07:58:23,2026-02-20,0,0,0,0,0,0,0,0,0,0,0,0,0
2026-02-20 07:59:23,2026-02-20,0,0,0,0,0,0,0,0,0,0,0,0,0
2026-02-20 08:00:23,2026-02-20,0,0,0,0,0,0,0,0,0,0,0,0,0
2026-02-20 08:01:23,2026-02-20,0,0,0,0,0,0,0,0,0,0,0,0,0
2026-02-20 08:02:23,2026-02-20,0,0,0,0,0,0,0,0,0,0,0,0,0
2026-02-20 08:03:23,2026-02-20,0,0,0,0,0,0,0,0,0,0,0,0,0
2026-02-20 08:04:23,2026-02-20,0,0,0,0,0,0,0,0,0,0,0,0,0
2026-02-20 08:05:23,2026-02-20,0,0,0,0,0,0,0,0,0,0,0,0,0
2026-02-20 08:06:23,2026-02-20,0,0,0,0,0,0,0,0,0,0,0,0,0
2026-02-20 08:07:23,2026-02-20,0,0,0,0,0,0,0,0,0,0,0,0,0
2026-02-20 08:08:23,2026-02-20,0,0,0,0,0,0,0,0,0,0,0,0,0
2026-02-20 08:09:23,2026-02-20,0,0,0,0,0,0,0,0,0,0,0,0,0
2026-02-20 08:10:23,2026-02-20,0,0,0,0,0,0,0,0,0,0,0,0,0
2026-02-20 08:11:23,2026-02-20,0,0,0,0,0,0,0,0,0,0,0,0,0
2026-02-20 08:12:23,2026-02-20,0,0,0,0,0,0,0,0,0,0,0,0,0
2026-02-20 08:13:23,2026-02-20,0,0,0,0,0,0,0,0,0,0,0,0,0
2026-02-20 08:14:24,2026-02-20,0,0,0,0,0,0,0,0,0,0,0,0,0
2026-02-20 08:15:24,2026-02-20,0,0,0,0,0,0,0,0,0,0,0,0,0
2026-02-20 08:16:24,2026-02-20,0,0,0,0,0,0,0,0,0,0,0,0,0
2026-02-20 08:17:24,2026-02-20,0,0,0,0,0,0,0,0,0,0,0,0,0
2026-02-20 08:18:24,2026-02-20,0,0,0,0,0,0,0,0,0,0,0,0,0
2026-02-20 08:19:24,2026-02-20,0,0,0,0,0,0,0,0,0,0,0,0,0
2026-02-20 08:20:24,2026-02-20,0,0,0,0,0,0,0,0,0,0,0,0,0
2026-02-20 08:21:24,2026-02-20,0,0,0,0,0,0,0,0,0,0,0,0,0
2026-02-20 08:22:24,2026-02-20,0,0,0,0,0,0,0,0,0,0,0,0,0
2026-02-20 08:23:24,2026-02-20,0,0,0,0,0,0,0,0,0,0,0,0,0
2026-02-20 08:24:24,2026-02-20,0,0,0,0,0,0,0,0,0,0,0,0,0
2026-02-20 08:25:24,2026-02-20,0,0,0,0,0,0,0,0,0,0,0,0,0
2026-02-20 08:26:24,2026-02-20,0,0,0,0,0,0,0,0,0,0,0,0,0
2026-02-20 08:27:24,2026-02-20,0,0,0,0,0,0,0,0,0,0,0,0,0
2026-02-20 08:28:24,2026-02-20,0,0,0,0,0,0,0,0,0,0,0,0,0
2026-02-20 08:29:24,2026-02-20,0,0,0,0,0,0,0,0,0,0,0,0,0
2026-02-20 08:30:24,2026-02-20,0,0,0,0,0,0,0,0,0,0,0,0,0
2026-02-20 08:31:24,2026-02-20,0,0,0,0,0,0,0,0,0,0,0,0,0
2026-02-20 08:32:24,2026-02-20,0,0,0,0,0,0,0,0,0,0,0,0,0
2026-02-20 08:33:24,2026-02-20,0,0,0,0,0,0,0,0,0,0,0,0,0
2026-02-20 08:34:24,2026-02-20,0,0,0,0,0,0,0,0,0,0,0,0,0
2026-02-20 08:35:24,2026-02-20,0,0,0,0,0,0,0,0,0,0,0,0,0
2026-02-20 08:36:24,2026-02-20,0,0,0,0,0,0,0,0,0,0,0,0,0
2026-02-20 08:37:24,2026-02-20,0,0,0,0,0,0,0,0,0,0,0,0,0
2026-02-20 08:38:24,2026-02-20,0,0,0,0,0,0,0,0,0,0,0,0,0
2026-02-20 08:39:24,2026-02-20,0,0,0,0,0,0,0,0,0,0,0,0,0
2026-02-20 08:40:24,2026-02-20,0,0,0,0,0,0,0,0,0,0,0,0,0
2026-02-20 08:41:24,2026-02-20,0,0,0,0,0,0,0,0,0,0,0,0,0
2026-02-20 08:42:25,2026-02-20,0,0,0,0,0,0,0,0,0,0,0,0,0
2026-02-20 08:43:25,2026-02-20,0,0,0,0,0,0,0,0,0,0,0,0,0
2026-02-20 08:44:25,2026-02-20,0,0,0,0,0,0,0,0,0,0,0,0,0
2026-02-20 08:45:25,2026-02-20,0,0,0,0,0,0,0,0,0,0,0,0,0
2026-02-20 08:46:25,2026-02-20,0,0,0,0,0,0,0,0,0,0,0,0,0
2026-02-20 08:47:25,2026-02-20,0,0,0,0,0,0,0,0,0,0,0,0,0
2026-02-20 08:48:25,2026-02-20,0,0,0,0,0,0,0,0,0,0,0,0,0
2026-02-20 08:49:25,2026-02-20,0,0,0,0,0,0,0,0,0,0,0,0,0
2026-02-20 08:50:25,2026-02-20,0,0,0,0,0,0,0,0,0,0,0,0,0
2026-02-20 08:51:25,2026-02-20,0,0,0,0,0,0,0,0,0,0,0,0,0
2026-02-20 08:52:25,2026-02-20,0,0,0,0,0,0,0,0,0,0,0,0,0
2026-02-20 08:53:25,2026-02-20,0,0,0,0,0,0,0,0,0,0,0,0,0
2026-02-20 08:54:25,2026-02-20,0,0,0,0,0,0,0,0,0,0,0,0,0
2026-02-20 08:55:25,2026-02-20,0,0,0,0,0,0,0,0,0,0,0,0,0
2026-02-20 08:56:25,2026-02-20,0,0,0,0,0,0,0,0,0,0,0,0,0
2026-02-20 08:57:25,2026-02-20,0,0,0,0,0,0,0,0,0,0,0,0,0
2026-02-20 08:58:25,2026-02-20,0,0,0,0,0,0,0,0,0,0,0,0,0
2026-02-20 08:59:25,2026-02-20,0,0,0,0,0,0,0,0,0,0,0,0,0
2026-02-20 09:00:25,2026-02-20,0,0,0,0,0,0,0,0,0,0,0,0,0
2026-02-20 09:01:25,2026-02-20,0,0,0,0,0,0,0,0,0,0,0,0,0
2026-02-20 09:02:25,2026-02-20,0,0,0,0,0,0,0,0,0,0,0,0,0
2026-02-20 09:03:25,2026-02-20,0,0,0,0,0,0,0,0,0,0,0,0,0
2026-02-20 09:04:25,2026-02-20,0,0,0,0,0,0,0,0,0,0,0,0,0
2026-02-20 09:05:25,2026-02-20,0,0,0,0,0,0,0,0,0,0,0,0,0
2026-02-20 09:06:25,2026-02-20,0,0,0,0,0,0,0,0,0,0,0,0,0
2026-02-20 09:07:25,2026-02-20,0,0,0,0,0,0,0,0,0,0,0,0,0
2026-02-20 09:08:25,2026-02-20,0,0,0,0,0,0,0,0,0,0,0,0,0
2026-02-20 09:09:25,2026-02-20,0,0,0,0,0,0,0,0,0,0,0,0,0
2026-02-20 09:10:25,2026-02-20,0,0,0,0,0,0,0,0,0,0,0,0,0
2026-02-20 14:37:29,2026-02-20,0,0,0,0,0,0,0,0,0,0,0,0,0
2026-02-20 14:38:29,2026-02-20,0,0,0,0,0,0,0,0,0,0,0,0,0
2026-02-20 14:39:29,2026-02-20,0,0,0,0,0,0,0,0,0,0,0,0,0
2026-02-20 14:40:29,2026-02-20,0,0,0,0,0,0,0,0,0,0,0,0,0
2026-02-20 14:41:29,2026-02-20,0,0,0,0,0,0,0,0,0,0,0,0,0
2026-02-20 14:42:29,2026-02-20,0,0,0,0,0,0,0,0,0,0,0,0,0
2026-02-20 14:43:29,2026-02-20,0,0,0,0,0,0,0,0,0,0,0,0,0
2026-02-20 14:44:29,2026-02-20,0,0,0,0,0,0,0,0,0,0,0,0,0
2026-02-20 14:45:29,2026-02-20,0,0,0,0,0,0,0,0,0,0,0,0,0
2026-02-20 14:46:29,2026-02-20,0,0,0,0,0,0,0,0,0,0,0,0,0
2026-02-20 14:47:29,2026-02-20,0,0,0,0,0,0,0,0,0,0,0,0,0
2026-02-20 14:48:29,2026-02-20,0,0,0,0,0,0,0,0,0,0,0,0,0
2026-02-20 14:49:29,2026-02-20,0,0,0,0,0,0,0,0,0,0,0,0,0
2026-02-20 14:50:29,2026-02-20,0,0,0,0,0,0,0,0,0,0,0,0,0
2026-02-20 14:51:29,2026-02-20,0,0,0,0,0,0,0,0,0,0,0,0,0
2026-02-20 14:52:29,2026-02-20,0,0,0,0,0,0,0,0,0,0,0,0,0
2026-02-20 14:53:29,2026-02-20,0,0,0,0,0,0,0,0,0,0,0,0,0
2026-02-20 14:54:29,2026-02-20,0,0,0,0,0,0,0,0,0,0,0,0,0
2026-02-20 14:55:29,2026-02-20,0,0,0,0,0,0,0,0,0,0,0,0,0
2026-02-20 14:56:29,2026-02-20,0,0,0,0,0,0,0,0,0,0,0,0,0
2026-02-20 14:57:29,2026-02-20,0,0,0,0,0,0,0,0,0,0,0,0,0
2026-02-20 14:58:29,2026-02-20,0,0,0,0,0,0,0,0,0,0,0,0,0
2026-02-20 14:59:29,2026-02-20,0,0,0,0,0,0,0,0,0,0,0,0,0
2026-02-20 15:00:29,2026-02-20,0,0,0,0,0,0,0,0,0,0,0,0,0
2026-02-20 15:01:29,2026-02-20,0,0,0,0,0,0,0,0,0,0,0,0,0
2026-02-20 15:02:29,2026-02-20,0,0,0,0,0,0,0,0,0,0,0,0,0
2026-02-20 15:03:29,2026-02-20,0,0,0,0,0,0,0,0,0,0,0,0,0
2026-02-20 15:04:29,2026-02-20,0,0,0,0,0,0,0,0,0,0,0,0,0
2026-02-20 15:05:29,2026-02-20,0,0,0,0,0,0,0,0,0,0,0,0,0
2026-02-20 15:06:30,2026-02-20,0,0,0,0,0,0,0,0,0,0,0,0,0
2026-02-20 15:07:30,2026-02-20,0,0,0,0,0,0,0,0,0,0,0,0,0
2026-02-20 15:08:30,2026-02-20,0,0,0,0,0,0,0,0,0,0,0,0,0
2026-02-20 15:09:30,2026-02-20,0,0,0,0,0,0,0,0,0,0,0,0,0
2026-02-20 15:10:30,2026-02-20,0,0,0,0,0,0,0,0,0,0,0,0,0
2026-02-20 15:11:30,2026-02-20,0,0,0,0,0,0,0,0,0,0,0,0,0
2026-02-20 15:12:30,2026-02-20,0,0,0,0,0,0,0,0,0,0,0,0,0
2026-02-20 15:13:30,2026-02-20,0,0,0,0,0,0,0,0,0,0,0,0,0
2026-02-20 15:14:30,2026-02-20,0,0,0,0,0,0,0,0,0,0,0,0,0
2026-02-20 15:15:30,2026-02-20,0,0,0,0,0,0,0,0,0,0,0,0,0
2026-02-20 15:16:30,2026-02-20,0,0,0,0,0,0,0,0,0,0,0,0,0
2026-02-20 15:17:30,2026-02-20,0,0,0,0,0,0,0,0,0,0,0,0,0
2026-02-20 15:18:30,2026-02-20,0,0,0,0,0,0,0,0,0,0,0,0,0
2026-02-20 15:19:30,2026-02-20,0,0,0,0,0,0,0,0,0,0,0,0,0
2026-02-20 15:20:30,2026-02-20,0,0,0,0,0,0,0,0,0,0,0,0,0
2026-02-20 15:21:30,2026-02-20,0,0,0,0,0,0,0,0,0,0,0,0,0
2026-02-20 15:22:30,2026-02-20,0,0,0,0,0,0,0,0,0,0,0,0,0
2026-02-20 15:23:30,2026-02-20,0,0,0,0,0,0,0,0,0,0,0,0,0
2026-02-20 15:24:30,2026-02-20,0,0,0,0,0,0,0,0,0,0,0,0,0
2026-02-20 15:25:30,2026-02-20,0,0,0,0,0,0,0,0,0,0,0,0,0
2026-02-20 15:26:30,2026-02-20,0,0,0,0,0,0,0,0,0,0,0,0,0
2026-02-20 15:27:30,2026-02-20,0,0,0,0,0,0,0,0,0,0,0,0,0
2026-02-20 15:28:30,2026-02-20,0,0,0,0,0,0,0,0,0,0,0,0,0
2026-02-20 15:29:30,2026-02-20,0,0,0,0,0,0,0,0,0,0,0,0,0
2026-02-20 15:30:30,2026-02-20,0,0,0,0,0,0,0,0,0,0,0,0,0
2026-02-20 15:31:30,2026-02-20,0,0,0,0,0,0,0,0,0,0,0,0,0
2026-02-20 15:32:30,2026-02-20,0,0,0,0,0,0,0,0,0,0,0,0,0
2026-02-20 15:33:30,2026-02-20,0,0,0,0,0,0,0,0,0,0,0,0,0
2026-02-20 15:34:30,2026-02-20,0,0,0,0,0,0,0,0,0,0,0,0,0
2026-02-20 15:35:30,2026-02-20,0,0,0,0,0,0,0,0,0,0,0,0,0
2026-02-20 15:36:30,2026-02-20,0,0,0,0,0,0,0,0,0,0,0,0,0
2026-02-20 15:37:30,2026-02-20,0,0,0,0,0,0,0,0,0,0,0,0,0
2026-02-20 15:38:30,2026-02-20,0,0,0,0,0,0,0,0,0,0,0,0,0
2026-02-20 15:39:30,2026-02-20,0,0,0,0,0,0,0,0,0,0,0,0,0
2026-02-20 15:40:31,2026-02-20,0,0,0,0,0,0,0,0,0,0,0,0,0
2026-02-20 15:41:31,2026-02-20,0,0,0,0,0,0,0,0,0,0,0,0,0
2026-02-20 15:42:31,2026-02-20,0,0,0,0,0,0,0,0,0,0,0,0,0
2026-02-20 15:43:31,2026-02-20,0,0,0,0,0,0,0,0,0,0,0,0,0
2026-02-20 15:44:31,2026-02-20,0,0,0,0,0,0,0,0,0,0,0,0,0
2026-02-20 15:45:31,2026-02-20,0,0,0,0,0,0,0,0,0,0,0,0,0
2026-02-20 15:46:31,2026-02-20,0,0,0,0,0,0,0,0,0,0,0,0,0
2026-02-20 15:47:31,2026-02-20,0,0,0,0,0,0,0,0,0,0,0,0,0
2026-02-20 15:48:31,2026-02-20,0,0,0,0,0,0,0,0,0,0,0,0,0
2026-02-20 15:49:31,2026-02-20,0,0,0,0,0,0,0,0,0,0,0,0,0
2026-02-20 15:50:31,2026-02-20,0,0,0,0,0,0,0,0,0,0,0,0,0
2026-02-20 15:51:31,2026-02-20,0,0,0,0,0,0,0,0,0,0,0,0,0
2026-02-20 15:52:31,2026-02-20,0,0,0,0,0,0,0,0,0,0,0,0,0
2026-02-20 15:53:31,2026-02-20,0,0,0,0,0,0,0,0,0,0,0,0,0
2026-02-20 15:54:31,2026-02-20,0,0,0,0,0,0,0,0,0,0,0,0,0
2026-02-20 15:55:31,2026-02-20,0,0,0,0,0,0,0,0,0,0,0,0,0
2026-02-20 15:56:31,2026-02-20,0,0,0,0,0,0,0,0,0,0,0,0,0
2026-02-20 15:57:31,2026-02-20,0,0,0,0,0,0,0,0,0,0,0,0,0
2026-02-20 15:58:31,2026-02-20,0,0,0,0,0,0,0,0,0,0,0,0,0
2026-02-20 15:59:31,2026-02-20,0,0,0,0,0,0,0,0,0,0,0,0,0
2026-02-20 16:00:31,2026-02-20,0,0,0,0,0,0,0,0,0,0,0,0,0
2026-02-20 16:01:31,2026-02-20,0,0,0,0,0,0,0,0,0,0,0,0,0
2026-02-20 16:02:31,2026-02-20,0,0,0,0,0,0,0,0,0,0,0,0,0
2026-02-20 16:03:31,2026-02-20,0,0,0,0,0,0,0,0,0,0,0,0,0
2026-02-20 16:04:31,2026-02-20,0,0,0,0,0,0,0,0,0,0,0,0,0
2026-02-20 16:05:31,2026-02-20,0,0,0,0,0,0,0,0,0,0,0,0,0
2026-02-20 16:06:31,2026-02-20,0,0,0,0,0,0,0,0,0,0,0,0,0
2026-02-20 16:07:31,2026-02-20,0,0,0,0,0,0,0,0,0,0,0,0,0
2026-02-20 16:08:31,2026-02-20,0,0,0,0,0,0,0,0,0,0,0,0,0
2026-02-20 16:09:31,2026-02-20,0,0,0,0,0,0,0,0,0,0,0,0,0
2026-02-20 16:10:31,2026-02-20,0,0,0,0,0,0,0,0,0,0,0,0,0
2026-02-20 16:11:31,2026-02-20,0,0,0,0,0,0,0,0,0,0,0,0,0
2026-02-20 16:12:31,2026-02-20,0,0,0,0,0,0,0,0,0,0,0,0,0
2026-02-20 16:13:31,2026-02-20,0,0,0,0,0,0,0,0,0,0,0,0,0
2026-02-20 16:14:31,2026-02-20,0,0,0,0,0,0,0,0,0,0,0,0,0
2026-02-20 16:15:31,2026-02-20,0,0,0,0,0,0,0,0,0,0,0,0,0
2026-02-20 16:16:32,2026-02-20,0,0,0,0,0,0,0,0,0,0,0,0,0
2026-02-20 16:17:32,2026-02-20,0,0,0,0,0,0,0,0,0,0,0,0,0
2026-02-20 16:18:32,2026-02-20,0,0,0,0,0,0,0,0,0,0,0,0,0
2026-02-20 16:19:32,2026-02-20,0,0,0,0,0,0,0,0,0,0,0,0,0
2026-02-20 16:20:32,2026-02-20,0,0,0,0,0,0,0,0,0,0,0,0,0
2026-02-20 16:21:32,2026-02-20,0,0,0,0,0,0,0,0,0,0,0,0,0
2026-02-20 16:22:32,2026-02-20,0,0,0,0,0,0,0,0,0,0,0,0,0
2026-02-20 16:23:32,2026-02-20,0,0,0,0,0,0,0,0,0,0,0,0,0
2026-02-20 16:24:32,2026-02-20,0,0,0,0,0,0,0,0,0,0,0,0,0
2026-02-20 16:25:32,2026-02-20,0,0,0,0,0,0,0,0,0,0,0,0,0
2026-02-20 16:26:32,2026-02-20,0,0,0,0,0,0,0,0,0,0,0,0,0
2026-02-20 16:27:32,2026-02-20,0,0,0,0,0,0,0,0,0,0,0,0,0
2026-02-20 16:28:32,2026-02-20,0,0,0,0,0,0,0,0,0,0,0,0,0
2026-02-20 16:29:32,2026-02-20,0,0,0,0,0,0,0,0,0,0,0,0,0
2026-02-20 16:30:32,2026-02-20,0,0,0,0,0,0,0,0,0,0,0,0,0
2026-02-20 16:31:32,2026-02-20,0,0,0,0,0,0,0,0,0,0,0,0,0
2026-02-20 16:32:32,2026-02-20,0,0,0,0,0,0,0,0,0,0,0,0,0
2026-02-20 16:33:32,2026-02-20,0,0,0,0,0,0,0,0,0,0,0,0,0
2026-02-20 16:34:32,2026-02-20,0,0,0,0,0,0,0,0,0,0,0,0,0
2026-02-20 16:35:32,2026-02-20,0,0,0,0,0,0,0,0,0,0,0,0,0
2026-02-20 16:36:32,2026-02-20,0,0,0,0,0,0,0,0,0,0,0,0,0
2026-02-20 16:37:32,2026-02-20,0,0,0,0,0,0,0,0,0,0,0,0,0
2026-02-20 16:38:32,2026-02-20,0,0,0,0,0,0,0,0,0,0,0,0,0
2026-02-20 16:39:32,2026-02-20,0,0,0,0,0,0,0,0,0,0,0,0,0
2026-02-20 16:40:32,2026-02-20,0,0,0,0,0,0,0,0,0,0,0,0,0
2026-02-20 16:41:32,2026-02-20,0,0,0,0,0,0,0,0,0,0,0,0,0
2026-02-20 16:42:32,2026-02-20,0,0,0,0,0,0,0,0,0,0,0,0,0
2026-02-20 16:43:32,2026-02-20,0,0,0,0,0,0,0,0,0,0,0,0,0
2026-02-20 16:44:32,2026-02-20,0,0,0,0,0,0,0,0,0,0,0,0,0
2026-02-20 16:45:32,2026-02-20,0,0,0,0,0,0,0,0,0,0,0,0,0
2026-02-20 16:46:32,2026-02-20,0,0,0,0,0,0,0,0,0,0,0,0,0
2026-02-20 16:47:32,2026-02-20,0,0,0,0,0,0,0,0,0,0,0,0,0
2026-02-20 16:48:32,2026-02-20,0,0,0,0,0,0,0,0,0,0,0,0,0
2026-02-20 16:49:32,2026-02-20,0,0,0,0,0,0,0,0,0,0,0,0,0
2026-02-20 16:50:32,2026-02-20,0,0,0,0,0,0,0,0,0,0,0,0,0
2026-02-20 16:51:32,2026-02-20,0,0,0,0,0,0,0,0,0,0,0,0,0
2026-02-20 16:52:33,2026-02-20,0,0,0,0,0,0,0,0,0,0,0,0,0
2026-02-20 16:53:33,2026-02-20,0,0,0,0,0,0,0,0,0,0,0,0,0
2026-02-20 16:54:33,2026-02-20,0,0,0,0,0,0,0,0,0,0,0,0,0
2026-02-20 16:55:33,2026-02-20,0,0,0,0,0,0,0,0,0,0,0,0,0
2026-02-20 16:56:33,2026-02-20,0,0,0,0,0,0,0,0,0,0,0,0,0
2026-02-20 16:57:33,2026-02-20,0,0,0,0,0,0,0,0,0,0,0,0,0
2026-02-20 16:58:33,2026-02-20,0,0,0,0,0,0,0,0,0,0,0,0,0
2026-02-20 16:59:33,2026-02-20,0,0,0,0,0,0,0,0,0,0,0,0,0
2026-02-20 17:00:33,2026-02-20,0,0,0,0,0,0,0,0,0,0,0,0,0
2026-02-20 17:01:33,2026-02-20,0,0,0,0,0,0,0,0,0,0,0,0,0
2026-02-20 17:02:33,2026-02-20,0,0,0,0,0,0,0,0,0,0,0,0,0
2026-02-20 17:03:33,2026-02-20,0,0,0,0,0,0,0,0,0,0,0,0,0
2026-02-20 17:04:33,2026-02-20,0,0,0,0,0,0,0,0,0,0,0,0,0
2026-02-20 17:05:33,2026-02-20,0,0,0,0,0,0,0,0,0,0,0,0,0
2026-02-20 17:06:33,2026-02-20,0,0,0,0,0,0,0,0,0,0,0,0,0
2026-02-20 17:07:33,2026-02-20,0,0,0,0,0,0,0,0,0,0,0,0,0
2026-02-20 17:08:33,2026-02-20,0,0,0,0,0,0,0,0,0,0,0,0,0
2026-02-20 17:09:33,2026-02-20,0,0,0,0,0,0,0,0,0,0,0,0,0
2026-02-20 17:10:33,2026-02-20,0,0,0,0,0,0,0,0,0,0,0,0,0
2026-02-20 17:11:33,2026-02-20,0,0,0,0,0,0,0,0,0,0,0,0,0
2026-02-20 17:12:33,2026-02-20,0,0,0,0,0,0,0,0,0,0,0,0,0
2026-02-20 17:13:33,2026-02-20,0,0,0,0,0,0,0,0,0,0,0,0,0
2026-02-20 17:14:33,2026-02-20,0,0,0,0,0,0,0,0,0,0,0,0,0
2026-02-20 17:15:33,2026-02-20,0,0,0,0,0,0,0,0,0,0,0,0,0
2026-02-20 17:16:33,2026-02-20,0,0,0,0,0,0,0,0,0,0,0,0,0
2026-02-20 17:17:33,2026-02-20,0,0,0,0,0,0,0,0,0,0,0,0,0
2026-02-20 17:18:33,2026-02-20,0,0,0,0,0,0,0,0,0,0,0,0,0
2026-02-20 17:19:33,2026-02-20,0,0,0,0,0,0,0,0,0,0,0,0,0
2026-02-20 17:20:33,2026-02-20,0,0,0,0,0,0,0,0,0,0,0,0,0
2026-02-20 17:21:33,2026-02-20,0,0,0,0,0,0,0,0,0,0,0,0,0
2026-02-21 23:07:30,2026-02-21,0,0,0,0,0,0,0,0,0,0,0,0,0
2026-02-21 23:08:30,2026-02-21,0,0,0,0,0,0,0,0,0,0,0,0,0
2026-02-21 23:09:30,2026-02-21,0,0,0,0,0,0,0,0,0,0,0,0,0
2026-02-21 23:10:30,2026-02-21,0,0,0,0,0,0,0,0,0,0,0,0,0
2026-02-21 23:11:30,2026-02-21,0,0,0,0,0,0,0,0,0,0,0,0,0
2026-02-21 23:12:30,2026-02-21,0,0,0,0,0,0,0,0,0,0,0,0,0
2026-02-21 23:13:30,2026-02-21,0,0,0,0,0,0,0,0,0,0,0,0,0
2026-02-21 23:14:30,2026-02-21,0,0,0,0,0,0,0,0,0,0,0,0,0
2026-02-21 23:15:30,2026-02-21,0,0,0,0,0,0,0,0,0,0,0,0,0
2026-02-21 23:16:30,2026-02-21,0,0,0,0,0,0,0,0,0,0,0,0,0
2026-02-21 23:21:08,2026-02-21,0,0,0,0,0,0,0,0,0,0,0,0,0
2026-02-21 23:26:52,2026-02-21,0,0,0,0,0,0,0,0,0,0,0,0,0
2026-02-21 23:27:52,2026-02-21,0,0,0,0,0,0,0,0,0,0,0,0,0
2026-02-21 23:28:52,2026-02-21,0,0,0,0,0,0,0,0,0,0,0,0,0
2026-02-21 23:29:52,2026-02-21,0,0,0,0,0,0,0,0,0,0,0,0,0
2026-02-21 23:30:52,2026-02-21,0,0,0,0,0,0,0,0,0,0,0,0,0
2026-02-21 23:31:52,2026-02-21,0,0,0,0,0,0,0,0,0,0,0,0,0
2026-02-21 23:32:52,2026-02-21,0,0,0,0,0,0,0,0,0,0,0,0,0
2026-02-21 23:33:52,2026-02-21,0,0,0,0,0,0,0,0,0,0,0,0,0
2026-02-21 23:34:52,2026-02-21,0,0,0,0,0,0,0,0,0,0,0,0,0
2026-02-21 23:35:52,2026-02-21,0,0,0,0,0,0,0,0,0,0,0,0,0
2026-02-21 23:36:52,2026-02-21,0,0,0,0,0,0,0,0,0,0,0,0,0
2026-02-21 23:37:52,2026-02-21,0,0,0,0,0,0,0,0,0,0,0,0,0
2026-02-21 23:38:52,2026-02-21,0,0,0,0,0,0,0,0,0,0,0,0,0
2026-02-21 23:39:52,2026-02-21,0,0,0,0,0,0,0,0,0,0,0,0,0
2026-02-21 23:40:52,2026-02-21,0,0,0,0,0,0,0,0,0,0,0,0,0
2026-02-21 23:41:52,2026-02-21,0,0,0,0,0,0,0,0,0,0,0,0,0
2026-02-21 23:42:52,2026-02-21,0,0,0,0,0,0,0,0,0,0,0,0,0
2026-02-21 23:43:52,2026-02-21,0,0,0,0,0,0,0,0,0,0,0,0,0
2026-02-21 23:44:53,2026-02-21,0,0,0,0,0,0,0,0,0,0,0,0,0
2026-02-21 23:45:53,2026-02-21,0,0,0,0,0,0,0,0,0,0,0,0,0
2026-02-21 23:46:53,2026-02-21,0,0,0,0,0,0,0,0,0,0,0,0,0
2026-02-21 23:47:53,2026-02-21,0,0,0,0,0,0,0,0,0,0,0,0,0
2026-02-21 23:48:53,2026-02-21,0,0,0,0,0,0,0,0,0,0,0,0,0
2026-02-21 23:49:53,2026-02-21,0,0,0,0,0,0,0,0,0,0,0,0,0
2026-02-21 23:50:53,2026-02-21,0,0,0,0,0,0,0,0,0,0,0,0,0
2026-02-21 23:51:53,2026-02-21,0,0,0,0,0,0,0,0,0,0,0,0,0
2026-02-21 23:52:53,2026-02-21,0,0,0,0,0,0,0,0,0,0,0,0,0
2026-02-21 23:53:51,2026-02-21,0,0,0,0,0,0,0,0,0,0,0,0,0
2026-02-21 23:54:51,2026-02-21,0,0,0,0,0,0,0,0,0,0,0,0,0
2026-02-21 23:55:51,2026-02-21,0,0,0,0,0,0,0,0,0,0,0,0,0
2026-02-21 23:56:51,2026-02-21,0,0,0,0,0,0,0,0,0,0,0,0,0
2026-02-21 23:57:51,2026-02-21,0,0,0,0,0,0,0,0,0,0,0,0,0
2026-02-21 23:58:51,2026-02-21,0,0,0,0,0,0,0,0,0,0,0,0,0
2026-02-21 23:59:51,2026-02-21,0,0,0,0,0,0,0,0,0,0,0,0,0
2026-02-22 00:00:20,2026-02-22,0,0,0,0,0,0,0,0,0,0,0,0,0
2026-02-22 00:01:20,2026-02-22,0,0,0,0,0,0,0,0,0,0,0,0,0
2026-02-22 00:02:20,2026-02-22,0,0,0,0,0,0,0,0,0,0,0,0,0
2026-02-22 00:03:20,2026-02-22,0,0,0,0,0,0,0,0,0,0,0,0,0
2026-02-22 00:04:20,2026-02-22,0,0,0,0,0,0,0,0,0,0,0,0,0
2026-02-22 00:05:20,2026-02-22,0,0,0,0,0,0,0,0,0,0,0,0,0
2026-02-22 00:06:20,2026-02-22,0,0,0,0,0,0,0,0,0,0,0,0,0
2026-02-22 00:07:20,2026-02-22,0,0,0,0,0,0,0,0,0,0,0,0,0
2026-02-22 00:08:20,2026-02-22,0,0,0,0,0,0,0,0,0,0,0,0,0
2026-02-22 00:09:20,2026-02-22,0,0,0,0,0,0,0,0,0,0,0,0,0
2026-02-22 00:10:20,2026-02-22,0,0,0,0,0,0,0,0,0,0,0,0,0
2026-02-22 00:11:20,2026-02-22,0,0,0,0,0,0,0,0,0,0,0,0,0
2026-02-22 00:13:55,2026-02-22,0,0,0,0,0,0,0,0,0,0,0,0,0
2026-02-22 00:14:55,2026-02-22,0,0,0,0,0,0,0,0,0,0,0,0,0
2026-02-22 00:15:55,2026-02-22,0,0,0,0,0,0,0,0,0,0,0,0,0
2026-02-22 00:16:55,2026-02-22,0,0,0,0,0,0,0,0,0,0,0,0,0
2026-02-22 00:17:55,2026-02-22,0,0,0,0,0,0,0,0,0,0,0,0,0
2026-02-22 00:18:55,2026-02-22,0,0,0,0,0,0,0,0,0,0,0,0,0
2026-02-22 00:19:55,2026-02-22,0,0,0,0,0,0,0,0,0,0,0,0,0
2026-02-22 00:20:55,2026-02-22,0,0,0,0,0,0,0,0,0,0,0,0,0
2026-02-22 00:21:55,2026-02-22,0,0,0,0,0,0,0,0,0,0,0,0,0
2026-02-22 00:22:55,2026-02-22,0,0,0,0,0,0,0,0,0,0,0,0,0
2026-02-22 00:23:55,2026-02-22,0,0,0,0,0,0,0,0,0,0,0,0,0
2026-02-22 00:24:55,2026-02-22,0,0,0,0,0,0,0,0,0,0,0,0,0
2026-02-22 00:25:55,2026-02-22,0,0,0,0,0,0,0,0,0,0,0,0,0
2026-02-22 00:26:55,2026-02-22,0,0,0,0,0,0,0,0,0,0,0,0,0
2026-02-22 00:27:55,2026-02-22,0,0,0,0,0,0,0,0,0,0,0,0,0
2026-02-22 00:28:55,2026-02-22,0,0,0,0,0,0,0,0,0,0,0,0,0
2026-02-22 00:29:55,2026-02-22,0,0,0,0,0,0,0,0,0,0,0,0,0
2026-02-22 00:30:55,2026-02-22,0,0,0,0,0,0,0,0,0,0,0,0,0
2026-02-22 00:31:55,2026-02-22,0,0,0,0,0,0,0,0,0,0,0,0,0
2026-02-22 00:32:55,2026-02-22,0,0,0,0,0,0,0,0,0,0,0,0,0
2026-02-22 00:33:55,2026-02-22,0,0,0,0,0,0,0,0,0,0,0,0,0
2026-02-22 00:34:55,2026-02-22,0,0,0,0,0,0,0,0,0,0,0,0,0
2026-02-22 00:35:55,2026-02-22,0,0,0,0,0,0,0,0,0,0,0,0,0
2026-02-22 00:36:55,2026-02-22,0,0,0,0,0,0,0,0,0,0,0,0,0
2026-02-22 00:37:56,2026-02-22,0,0,0,0,0,0,0,0,0,0,0,0,0
2026-02-22 00:38:56,2026-02-22,0,0,0,0,0,0,0,0,0,0,0,0,0
2026-02-22 00:39:56,2026-02-22,0,0,0,0,0,0,0,0,0,0,0,0,0
2026-02-22 00:40:56,2026-02-22,0,0,0,0,0,0,0,0,0,0,0,0,0
2026-02-22 00:41:56,2026-02-22,0,0,0,0,0,0,0,0,0,0,0,0,0
2026-02-22 00:42:56,2026-02-22,0,0,0,0,0,0,0,0,0,0,0,0,0
2026-02-22 00:43:56,2026-02-22,0,0,0,0,0,0,0,0,0,0,0,0,0
2026-02-22 00:44:56,2026-02-22,0,0,0,0,0,0,0,0,0,0,0,0,0
2026-02-22 00:45:56,2026-02-22,0,0,0,0,0,0,0,0,0,0,0,0,0
2026-02-22 00:46:56,2026-02-22,0,0,0,0,0,0,0,0,0,0,0,0,0
2026-02-22 00:47:56,2026-02-22,0,0,0,0,0,0,0,0,0,0,0,0,0
2026-02-22 00:48:56,2026-02-22,0,0,0,0,0,0,0,0,0,0,0,0,0
2026-02-22 00:49:56,2026-02-22,0,0,0,0,0,0,0,0,0,0,0,0,0
2026-02-22 00:50:56,2026-02-22,0,0,0,0,0,0,0,0,0,0,0,0,0
2026-02-22 00:53:54,2026-02-22,0,0,0,0,0,0,0,0,0,0,0,0,0
2026-02-22 00:54:54,2026-02-22,0,0,0,0,0,0,0,0,0,0,0,0,0
2026-02-22 00:55:54,2026-02-22,0,0,0,0,0,0,0,0,0,0,0,0,0
2026-02-22 00:56:54,2026-02-22,0,0,0,0,0,0,0,0,0,0,0,0,0
2026-02-22 00:57:54,2026-02-22,0,0,0,0,0,0,0,0,0,0,0,0,0
2026-02-22 00:58:54,2026-02-22,0,0,0,0,0,0,0,0,0,0,0,0,0
2026-02-22 00:59:54,2026-02-22,0,0,0,0,0,0,0,0,0,0,0,0,0
2026-02-22 01:00:54,2026-02-22,0,0,0,0,0,0,0,0,0,0,0,0,0
2026-02-22 01:01:54,2026-02-22,0,0,0,0,0,0,0,0,0,0,0,0,0
2026-02-22 01:02:54,2026-02-22,0,0,0,0,0,0,0,0,0,0,0,0,0
2026-02-22 01:03:54,2026-02-22,0,0,0,0,0,0,0,0,0,0,0,0,0
2026-02-22 01:04:54,2026-02-22,0,0,0,0,0,0,0,0,0,0,0,0,0
2026-02-22 01:05:54,2026-02-22,0,0,0,0,0,0,0,0,0,0,0,0,0
2026-02-22 01:06:54,2026-02-22,0,0,0,0,0,0,0,0,0,0,0,0,0
2026-02-22 01:10:04,2026-02-22,0,0,0,0,0,0,0,0,0,0,0,0,0
2026-02-22 01:11:04,2026-02-22,0,0,0,0,0,0,0,0,0,0,0,0,0
2026-02-22 01:12:04,2026-02-22,0,0,0,0,0,0,0,0,0,0,0,0,0
2026-02-22 01:13:04,2026-02-22,0,0,0,0,0,0,0,0,0,0,0,0,0
2026-02-22 01:14:04,2026-02-22,0,0,0,0,0,0,0,0,0,0,0,0,0
2026-02-22 01:15:04,2026-02-22,0,0,0,0,0,0,0,0,0,0,0,0,0
2026-02-22 01:18:22,2026-02-22,0,0,0,0,0,0,0,0,0,0,0,0,0
2026-02-22 01:19:22,2026-02-22,0,0,0,0,0,0,0,0,0,0,0,0,0
2026-02-22 01:20:22,2026-02-22,0,0,0,0,0,0,0,0,0,0,0,0,0
2026-02-22 01:21:22,2026-02-22,0,0,0,0,0,0,0,0,0,0,0,0,0
2026-02-22 01:24:07,2026-02-22,0,0,0,0,0,0,0,0,0,0,0,0,0
2026-02-22 01:25:07,2026-02-22,0,0,0,0,0,0,0,0,0,0,0,0,0
2026-02-22 01:26:07,2026-02-22,0,0,0,0,0,0,0,0,0,0,0,0,0
2026-02-22 01:27:07,2026-02-22,0,0,0,0,0,0,0,0,0,0,0,0,0
2026-02-22 01:29:58,2026-02-22,0,0,0,0,0,0,0,0,0,0,0,0,0
2026-02-22 01:30:58,2026-02-22,0,0,0,0,0,0,0,0,0,0,0,0,0
2026-02-22 01:31:58,2026-02-22,0,0,0,0,0,0,0,0,0,0,0,0,0
2026-02-22 01:32:58,2026-02-22,0,0,0,0,0,0,0,0,0,0,0,0,0
2026-02-22 01:33:58,2026-02-22,0,0,0,0,0,0,0,0,0,0,0,0,0
2026-02-22 01:36:39,2026-02-22,0,0,0,0,0,0,0,0,0,0,0,0,0
2026-02-22 01:37:39,2026-02-22,0,0,0,0,0,0,0,0,0,0,0,0,0
2026-02-22 01:38:39,2026-02-22,0,0,0,0,0,0,0,0,0,0,0,0,0
2026-02-22 01:39:39,2026-02-22,0,0,0,0,0,0,0,0,0,0,0,0,0
2026-02-22 01:40:39,2026-02-22,0,0,0,0,0,0,0,0,0,0,0,0,0
2026-02-22 01:43:26,2026-02-22,0,0,0,0,0,0,0,0,0,0,0,0,0
2026-02-22 01:44:26,2026-02-22,0,0,0,0,0,0,0,0,0,0,0,0,0
2026-02-22 01:45:26,2026-02-22,0,0,0,0,0,0,0,0,0,0,0,0,0
2026-02-22 01:46:26,2026-02-22,0,0,0,0,0,0,0,0,0,0,0,0,0
2026-02-22 01:50:47,2026-02-22,0,0,0,0,0,0,0,0,0,0,0,0,0
2026-02-22 01:51:47,2026-02-22,0,0,0,0,0,0,0,0,0,0,0,0,0
2026-02-22 01:52:47,2026-02-22,0,0,0,0,0,0,0,0,0,0,0,0,0
2026-02-22 01:53:47,2026-02-22,0,0,0,0,0,0,0,0,0,0,0,0,0
2026-02-22 01:56:36,2026-02-22,0,0,0,0,0,0,0,0,0,0,0,0,0
2026-02-22 01:57:36,2026-02-22,0,0,0,0,0,0,0,0,0,0,0,0,0
2026-02-22 01:58:36,2026-02-22,0,0,0,0,0,0,0,0,0,0,0,0,0
2026-02-22 01:59:36,2026-02-22,0,0,0,0,0,0,0,0,0,0,0,0,0
2026-02-22 02:00:36,2026-02-22,0,0,0,0,0,0,0,0,0,0,0,0,0
2026-02-22 02:01:36,2026-02-22,0,0,0,0,0,0,0,0,0,0,0,0,0
2026-02-22 02:04:15,2026-02-22,0,0,0,0,0,0,0,0,0,0,0,0,0
2026-02-22 02:05:15,2026-02-22,0,0,0,0,0,0,0,0,0,0,0,0,0
2026-02-22 02:06:15,2026-02-22,0,0,0,0,0,0,0,0,0,0,0,0,0
2026-02-22 02:07:15,2026-02-22,0,0,0,0,0,0,0,0,0,0,0,0,0
2026-02-22 02:08:15,2026-02-22,0,0,0,0,0,0,0,0,0,0,0,0,0
2026-02-22 02:11:31,2026-02-22,0,0,0,0,0,0,0,0,0,0,0,0,0
2026-02-22 02:12:31,2026-02-22,0,0,0,0,0,0,0,0,0,0,0,0,0
2026-02-22 02:13:31,2026-02-22,0,0,0,0,0,0,0,0,0,0,0,0,0
2026-02-22 02:14:31,2026-02-22,0,0,0,0,0,0,0,0,0,0,0,0,0
2026-02-22 02:15:31,2026-02-22,0,0,0,0,0,0,0,0,0,0,0,0,0
2026-02-22 02:16:31,2026-02-22,0,0,0,0,0,0,0,0,0,0,0,0,0
2026-02-22 02:17:32,2026-02-22,0,0,0,0,0,0,0,0,0,0,0,0,0
2026-02-22 02:20:52,2026-02-22,0,0,0,0,0,0,0,0,0,0,0,0,0
2026-02-22 02:21:52,2026-02-22,0,0,0,0,0,0,0,0,0,0,0,0,0
2026-02-22 02:22:52,2026-02-22,0,0,0,0,0,0,0,0,0,0,0,0,0
2026-02-22 02:23:52,2026-02-22,0,0,0,0,0,0,0,0,0,0,0,0,0
2026-02-22 02:28:56,2026-02-22,0,0,0,0,0,0,0,0,0,0,0,0,0
2026-02-22 02:29:56,2026-02-22,0,0,0,0,0,0,0,0,0,0,0,0,0
2026-02-22 02:30:56,2026-02-22,0,0,0,0,0,0,0,0,0,0,0,0,0
2026-02-22 02:31:56,2026-02-22,0,0,0,0,0,0,0,0,0,0,0,0,0
2026-02-22 02:35:18,2026-02-22,0,0,0,0,0,0,0,0,0,0,0,0,0
2026-02-22 02:36:18,2026-02-22,0,0,0,0,0,0,0,0,0,0,0,0,0
2026-02-22 02:37:18,2026-02-22,0,0,0,0,0,0,0,0,0,0,0,0,0
2026-02-22 02:38:18,2026-02-22,0,0,0,0,0,0,0,0,0,0,0,0,0
2026-02-22 02:39:18,2026-02-22,0,0,0,0,0,0,0,0,0,0,0,0,0
2026-02-22 02:40:18,2026-02-22,0,0,0,0,0,0,0,0,0,0,0,0,0
2026-02-22 02:41:18,2026-02-22,0,0,0,0,0,0,0,0,0,0,0,0,0
2026-02-22 02:42:18,2026-02-22,0,0,0,0,0,0,0,0,0,0,0,0,0
2026-02-22 02:43:18,2026-02-22,0,0,0,0,0,0,0,0,0,0,0,0,0
2026-02-22 02:44:18,2026-02-22,0,0,0,0,0,0,0,0,0,0,0,0,0
2026-02-22 02:45:19,2026-02-22,0,0,0,0,0,0,0,0,0,0,0,0,0
2026-02-22 02:46:19,2026-02-22,0,0,0,0,0,0,0,0,0,0,0,0,0
2026-02-22 02:47:19,2026-02-22,0,0,0,0,0,0,0,0,0,0,0,0,0
2026-02-22 02:48:19,2026-02-22,0,0,0,0,0,0,0,0,0,0,0,0,0
2026-02-22 02:49:19,2026-02-22,0,0,0,0,0,0,0,0,0,0,0,0,0
2026-02-22 02:50:19,2026-02-22,0,0,0,0,0,0,0,0,0,0,0,0,0
2026-02-22 02:51:19,2026-02-22,0,0,0,0,0,0,0,0,0,0,0,0,0
2026-02-22 02:52:19,2026-02-22,0,0,0,0,0,0,0,0,0,0,0,0,0
2026-02-22 02:55:39,2026-02-22,0,0,0,0,0,0,0,0,0,0,0,0,0
2026-02-22 02:56:39,2026-02-22,0,0,0,0,0,0,0,0,0,0,0,0,0
2026-02-22 02:57:39,2026-02-22,0,0,0,0,0,0,0,0,0,0,0,0,0
2026-02-22 02:58:39,2026-02-22,0,0,0,0,0,0,0,0,0,0,0,0,0
2026-02-22 03:01:53,2026-02-22,0,0,0,0,0,0,0,0,0,0,0,0,0
2026-02-22 03:02:53,2026-02-22,0,0,0,0,0,0,0,0,0,0,0,0,0
2026-02-22 03:03:53,2026-02-22,0,0,0,0,0,0,0,0,0,0,0,0,0
2026-02-22 03:04:53,2026-02-22,0,0,0,0,0,0,0,0,0,0,0,0,0
2026-02-22 03:05:53,2026-02-22,0,0,0,0,0,0,0,0,0,0,0,0,0
2026-02-22 03:06:53,2026-02-22,0,0,0,0,0,0,0,0,0,0,0,0,0
2026-02-22 03:07:53,2026-02-22,0,0,0,0,0,0,0,0,0,0,0,0,0
2026-02-22 03:08:53,2026-02-22,0,0,0,0,0,0,0,0,0,0,0,0,0
2026-02-22 03:09:53,2026-02-22,0,0,0,0,0,0,0,0,0,0,0,0,0
2026-02-22 03:10:53,2026-02-22,0,0,0,0,0,0,0,0,0,0,0,0,0
2026-02-22 03:11:53,2026-02-22,0,0,0,0,0,0,0,0,0,0,0,0,0
2026-02-22 03:12:53,2026-02-22,0,0,0,0,0,0,0,0,0,0,0,0,0
2026-02-22 03:13:53,2026-02-22,0,0,0,0,0,0,0,0,0,0,0,0,0
2026-02-22 03:14:53,2026-02-22,0,0,0,0,0,0,0,0,0,0,0,0,0
2026-02-22 03:15:53,2026-02-22,0,0,0,0,0,0,0,0,0,0,0,0,0
2026-02-22 03:16:53,2026-02-22,0,0,0,0,0,0,0,0,0,0,0,0,0
2026-02-22 03:17:53,2026-02-22,0,0,0,0,0,0,0,0,0,0,0,0,0
2026-02-22 03:18:53,2026-02-22,0,0,0,0,0,0,0,0,0,0,0,0,0
2026-02-22 03:19:53,2026-02-22,0,0,0,0,0,0,0,0,0,0,0,0,0
2026-02-22 03:20:53,2026-02-22,0,0,0,0,0,0,0,0,0,0,0,0,0
2026-02-22 03:21:53,2026-02-22,0,0,0,0,0,0,0,0,0,0,0,0,0
2026-02-22 03:22:53,2026-02-22,0,0,0,0,0,0,0,0,0,0,0,0,0
2026-02-22 03:23:53,2026-02-22,0,0,0,0,0,0,0,0,0,0,0,0,0
2026-02-22 03:24:53,2026-02-22,0,0,0,0,0,0,0,0,0,0,0,0,0
2026-02-22 03:25:54,2026-02-22,0,0,0,0,0,0,0,0,0,0,0,0,0
2026-02-22 03:26:54,2026-02-22,0,0,0,0,0,0,0,0,0,0,0,0,0
2026-02-22 03:27:54,2026-02-22,0,0,0,0,0,0,0,0,0,0,0,0,0
2026-02-22 03:28:54,2026-02-22,0,0,0,0,0,0,0,0,0,0,0,0,0
2026-02-22 03:29:54,2026-02-22,0,0,0,0,0,0,0,0,0,0,0,0,0
2026-02-22 03:30:54,2026-02-22,0,0,0,0,0,0,0,0,0,0,0,0,0
2026-02-22 03:31:54,2026-02-22,0,0,0,0,0,0,0,0,0,0,0,0,0
2026-02-22 03:32:54,2026-02-22,0,0,0,0,0,0,0,0,0,0,0,0,0
2026-02-22 03:33:54,2026-02-22,0,0,0,0,0,0,0,0,0,0,0,0,0
2026-02-22 03:34:54,2026-02-22,0,0,0,0,0,0,0,0,0,0,0,0,0
2026-02-22 03:35:54,2026-02-22,0,0,0,0,0,0,0,0,0,0,0,0,0
2026-02-22 03:36:54,2026-02-22,0,0,0,0,0,0,0,0,0,0,0,0,0
2026-02-22 03:37:54,2026-02-22,0,0,0,0,0,0,0,0,0,0,0,0,0
2026-02-22 03:38:54,2026-02-22,0,0,0,0,0,0,0,0,0,0,0,0,0
2026-02-22 03:39:54,2026-02-22,0,0,0,0,0,0,0,0,0,0,0,0,0
2026-02-22 03:40:54,2026-02-22,0,0,0,0,0,0,0,0,0,0,0,0,0
2026-02-22 03:41:54,2026-02-22,0,0,0,0,0,0,0,0,0,0,0,0,0
2026-02-22 03:42:54,2026-02-22,0,0,0,0,0,0,0,0,0,0,0,0,0
2026-02-22 03:43:54,2026-02-22,0,0,0,0,0,0,0,0,0,0,0,0,0
2026-02-22 03:44:54,2026-02-22,0,0,0,0,0,0,0,0,0,0,0,0,0
2026-02-22 03:45:54,2026-02-22,0,0,0,0,0,0,0,0,0,0,0,0,0
2026-02-22 03:46:54,2026-02-22,0,0,0,0,0,0,0,0,0,0,0,0,0
2026-02-22 03:47:54,2026-02-22,0,0,0,0,0,0,0,0,0,0,0,0,0
2026-02-22 03:48:54,2026-02-22,0,0,0,0,0,0,0,0,0,0,0,0,0
2026-02-22 03:49:54,2026-02-22,0,0,0,0,0,0,0,0,0,0,0,0,0
2026-02-22 03:50:54,2026-02-22,0,0,0,0,0,0,0,0,0,0,0,0,0
2026-02-22 03:51:54,2026-02-22,0,0,0,0,0,0,0,0,0,0,0,0,0
2026-02-22 03:52:54,2026-02-22,0,0,0,0,0,0,0,0,0,0,0,0,0
2026-02-22 03:53:55,2026-02-22,0,0,0,0,0,0,0,0,0,0,0,0,0
2026-02-22 03:54:55,2026-02-22,0,0,0,0,0,0,0,0,0,0,0,0,0
2026-02-22 03:55:55,2026-02-22,0,0,0,0,0,0,0,0,0,0,0,0,0
2026-02-22 03:56:55,2026-02-22,0,0,0,0,0,0,0,0,0,0,0,0,0
2026-02-22 03:57:55,2026-02-22,0,0,0,0,0,0,0,0,0,0,0,0,0
2026-02-22 03:58:55,2026-02-22,0,0,0,0,0,0,0,0,0,0,0,0,0
2026-02-22 03:59:55,2026-02-22,0,0,0,0,0,0,0,0,0,0,0,0,0
2026-02-22 04:00:55,2026-02-22,0,0,0,0,0,0,0,0,0,0,0,0,0
2026-02-22 04:01:55,2026-02-22,0,0,0,0,0,0,0,0,0,0,0,0,0
2026-02-22 04:02:55,2026-02-22,0,0,0,0,0,0,0,0,0,0,0,0,0
2026-02-22 04:03:55,2026-02-22,0,0,0,0,0,0,0,0,0,0,0,0,0
2026-02-22 04:04:55,2026-02-22,0,0,0,0,0,0,0,0,0,0,0,0,0
2026-02-22 04:05:55,2026-02-22,0,0,0,0,0,0,0,0,0,0,0,0,0
2026-02-22 04:06:55,2026-02-22,0,0,0,0,0,0,0,0,0,0,0,0,0
2026-02-22 04:07:55,2026-02-22,0,0,0,0,0,0,0,0,0,0,0,0,0
2026-02-22 04:08:55,2026-02-22,0,0,0,0,0,0,0,0,0,0,0,0,0
2026-02-22 04:09:55,2026-02-22,0,0,0,0,0,0,0,0,0,0,0,0,0
2026-02-22 04:10:55,2026-02-22,0,0,0,0,0,0,0,0,0,0,0,0,0
2026-02-22 04:11:55,2026-02-22,0,0,0,0,0,0,0,0,0,0,0,0,0
2026-02-22 04:12:55,2026-02-22,0,0,0,0,0,0,0,0,0,0,0,0,0
2026-02-22 04:13:55,2026-02-22,0,0,0,0,0,0,0,0,0,0,0,0,0
2026-02-22 04:14:55,2026-02-22,0,0,0,0,0,0,0,0,0,0,0,0,0
2026-02-22 04:15:55,2026-02-22,0,0,0,0,0,0,0,0,0,0,0,0,0
2026-02-22 04:16:55,2026-02-22,0,0,0,0,0,0,0,0,0,0,0,0,0
2026-02-22 04:17:55,2026-02-22,0,0,0,0,0,0,0,0,0,0,0,0,0
2026-02-22 04:18:55,2026-02-22,0,0,0,0,0,0,0,0,0,0,0,0,0
2026-02-22 04:19:55,2026-02-22,0,0,0,0,0,0,0,0,0,0,0,0,0
2026-02-22 04:20:55,2026-02-22,0,0,0,0,0,0,0,0,0,0,0,0,0
2026-02-22 04:21:55,2026-02-22,0,0,0,0,0,0,0,0,0,0,0,0,0
2026-02-22 04:22:55,2026-02-22,0,0,0,0,0,0,0,0,0,0,0,0,0
2026-02-22 04:23:55,2026-02-22,0,0,0,0,0,0,0,0,0,0,0,0,0
2026-02-22 04:24:55,2026-02-22,0,0,0,0,0,0,0,0,0,0,0,0,0
2026-02-22 04:25:55,2026-02-22,0,0,0,0,0,0,0,0,0,0,0,0,0
2026-02-22 04:26:55,2026-02-22,0,0,0,0,0,0,0,0,0,0,0,0,0
2026-02-22 04:27:55,2026-02-22,0,0,0,0,0,0,0,0,0,0,0,0,0
2026-02-22 04:28:55,2026-02-22,0,0,0,0,0,0,0,0,0,0,0,0,0
2026-02-22 04:29:55,2026-02-22,0,0,0,0,0,0,0,0,0,0,0,0,0
2026-02-22 04:30:56,2026-02-22,0,0,0,0,0,0,0,0,0,0,0,0,0
2026-02-22 04:31:56,2026-02-22,0,0,0,0,0,0,0,0,0,0,0,0,0
2026-02-22 04:32:56,2026-02-22,0,0,0,0,0,0,0,0,0,0,0,0,0
2026-02-22 04:33:56,2026-02-22,0,0,0,0,0,0,0,0,0,0,0,0,0
2026-02-22 04:34:56,2026-02-22,0,0,0,0,0,0,0,0,0,0,0,0,0
2026-02-22 04:35:56,2026-02-22,0,0,0,0,0,0,0,0,0,0,0,0,0
2026-02-22 04:36:56,2026-02-22,0,0,0,0,0,0,0,0,0,0,0,0,0
2026-02-22 04:37:56,2026-02-22,0,0,0,0,0,0,0,0,0,0,0,0,0
2026-02-22 04:38:56,2026-02-22,0,0,0,0,0,0,0,0,0,0,0,0,0
2026-02-22 04:39:56,2026-02-22,0,0,0,0,0,0,0,0,0,0,0,0,0
2026-02-22 04:40:56,2026-02-22,0,0,0,0,0,0,0,0,0,0,0,0,0
2026-02-22 04:41:56,2026-02-22,0,0,0,0,0,0,0,0,0,0,0,0,0
2026-02-22 04:42:56,2026-02-22,0,0,0,0,0,0,0,0,0,0,0,0,0
2026-02-22 04:43:56,2026-02-22,0,0,0,0,0,0,0,0,0,0,0,0,0
2026-02-22 04:44:56,2026-02-22,0,0,0,0,0,0,0,0,0,0,0,0,0
2026-02-22 04:45:56,2026-02-22,0,0,0,0,0,0,0,0,0,0,0,0,0
2026-02-22 04:46:56,2026-02-22,0,0,0,0,0,0,0,0,0,0,0,0,0
2026-02-22 04:47:56,2026-02-22,0,0,0,0,0,0,0,0,0,0,0,0,0
2026-02-22 04:48:56,2026-02-22,0,0,0,0,0,0,0,0,0,0,0,0,0
2026-02-22 04:49:56,2026-02-22,0,0,0,0,0,0,0,0,0,0,0,0,0
2026-02-22 04:50:56,2026-02-22,0,0,0,0,0,0,0,0,0,0,0,0,0
2026-02-22 04:51:56,2026-02-22,0,0,0,0,0,0,0,0,0,0,0,0,0
2026-02-22 04:52:56,2026-02-22,0,0,0,0,0,0,0,0,0,0,0,0,0
2026-02-22 04:53:56,2026-02-22,0,0,0,0,0,0,0,0,0,0,0,0,0
2026-02-22 04:54:56,2026-02-22,0,0,0,0,0,0,0,0,0,0,0,0,0
2026-02-22 04:55:56,2026-02-22,0,0,0,0,0,0,0,0,0,0,0,0,0
2026-02-22 04:56:56,2026-02-22,0,0,0,0,0,0,0,0,0,0,0,0,0
2026-02-22 04:57:56,2026-02-22,0,0,0,0,0,0,0,0,0,0,0,0,0
2026-02-22 04:58:56,2026-02-22,0,0,0,0,0,0,0,0,0,0,0,0,0
2026-02-22 04:59:56,2026-02-22,0,0,0,0,0,0,0,0,0,0,0,0,0
2026-02-22 05:00:56,2026-02-22,0,0,0,0,0,0,0,0,0,0,0,0,0
2026-02-22 05:01:56,2026-02-22,0,0,0,0,0,0,0,0,0,0,0,0,0
2026-02-22 05:02:56,2026-02-22,0,0,0,0,0,0,0,0,0,0,0,0,0
2026-02-22 05:03:56,2026-02-22,0,0,0,0,0,0,0,0,0,0,0,0,0
2026-02-22 05:04:56,2026-02-22,0,0,0,0,0,0,0,0,0,0,0,0,0
2026-02-22 05:05:57,2026-02-22,0,0,0,0,0,0,0,0,0,0,0,0,0
2026-02-22 05:06:57,2026-02-22,0,0,0,0,0,0,0,0,0,0,0,0,0
2026-02-22 05:07:57,2026-02-22,0,0,0,0,0,0,0,0,0,0,0,0,0
2026-02-22 17:43:21,2026-02-22,0,0,0,0,0,0,0,0,0,0,0,0,0
2026-02-22 17:44:21,2026-02-22,0,0,0,0,0,0,0,0,0,0,0,0,0
2026-02-22 17:45:21,2026-02-22,0,0,0,0,0,0,0,0,0,0,0,0,0
2026-02-22 17:46:21,2026-02-22,0,0,0,0,0,0,0,0,0,0,0,0,0
2026-02-22 17:47:21,2026-02-22,0,0,0,0,0,0,0,0,0,0,0,0,0
2026-02-22 17:48:21,2026-02-22,0,0,0,0,0,0,0,0,0,0,0,0,0
2026-02-22 17:49:21,2026-02-22,0,0,0,0,0,0,0,0,0,0,0,0,0
2026-02-22 17:50:21,2026-02-22,0,0,0,0,0,0,0,0,0,0,0,0,0
2026-02-22 17:51:21,2026-02-22,0,0,0,0,0,0,0,0,0,0,0,0,0
2026-02-22 17:52:21,2026-02-22,0,0,0,0,0,0,0,0,0,0,0,0,0
2026-02-22 17:53:21,2026-02-22,0,0,0,0,0,0,0,0,0,0,0,0,0
2026-02-22 17:54:21,2026-02-22,0,0,0,0,0,0,0,0,0,0,0,0,0
2026-02-22 17:55:21,2026-02-22,0,0,0,0,0,0,0,0,0,0,0,0,0
2026-02-22 17:56:21,2026-02-22,0,0,0,0,0,0,0,0,0,0,0,0,0
2026-02-22 17:57:22,2026-02-22,0,0,0,0,0,0,0,0,0,0,0,0,0
2026-02-22 17:58:22,2026-02-22,0,0,0,0,0,0,0,0,0,0,0,0,0
2026-02-22 17:59:22,2026-02-22,0,0,0,0,0,0,0,0,0,0,0,0,0
2026-02-22 18:00:22,2026-02-22,0,0,0,0,0,0,0,0,0,0,0,0,0
2026-02-22 18:01:22,2026-02-22,0,0,0,0,0,0,0,0,0,0,0,0,0
2026-02-22 18:02:22,2026-02-22,0,0,0,0,0,0,0,0,0,0,0,0,0
2026-02-22 18:03:22,2026-02-22,0,0,0,0,0,0,0,0,0,0,0,0,0
